eoq,H+1,H+2,H+T,H+S,H+AS,Fe10+1,Fe10+2,Fe10+T,Fe10+S,Fe10+AS,Fe12+1,Fe12+2,Fe12+T,Fe12+S,Fe12+AS,Fe8+1,Fe8+2,Fe8+T,Fe8+S,Fe8+AS,He+1,He+2,He+T,He+S,He+AS,He2+1,He2+2,He2+T,He2+S,He2+AS,C4+1,C4+2,C4+T,C4+S,C4+AS,C5+1,C5+2,C5+T,C5+S,C5+AS,C6+1,C6+2,C6+T,C6+S,C6+AS,O6+1,O6+2,O6+T,O6+S,O6+AS,Si7+1,Si7+2,Si7+T,Si7+S,Si7+AS,Si8+1,Si8+2,Si8+T,Si8+S,Si8+AS,Fe9+1,Fe9+2,Fe9+T,Fe9+S,Fe9+AS,Fe11+1,Fe11+2,Fe11+T,Fe11+S,Fe11+AS,O7+1,O7+2,O7+T,O7+S,O7+AS,O8+1,O8+2,O8+T,O8+S,O8+AS,Si9+1,Si9+2,Si9+T,Si9+S,Si9+AS,Si10+1,Si10+2,Si10+T,Si10+S,Si10+AS,Fe7+1,Fe7+2,Fe7+T,Fe7+S,Fe7+AS,Fe13+1,Fe13+2,Fe13+T,Fe13+S,Fe13+AS,N6+1,N6+2,N6+T,N6+S,N6+AS,N5+1,N5+2,N5+T,N5+S,N5+AS,N7+1,N7+2,N7+T,N7+S,N7+AS,Ne6+1,Ne6+2,Ne6+T,Ne6+S,Ne6+AS,Ne7+1,Ne7+2,Ne7+T,Ne7+S,Ne7+AS,Ne8+1,Ne8+2,Ne8+T,Ne8+S,Ne8+AS,Mg6+1,Mg6+2,Mg6+T,Mg6+S,Mg6+AS,Mg7+1,Mg7+2,Mg7+T,Mg7+S,Mg7+AS,Mg8+1,Mg8+2,Mg8+T,Mg8+S,Mg8+AS,Mg9+1,Mg9+2,Mg9+T,Mg9+S,Mg9+AS,Mg10+1,Mg10+2,Mg10+T,Mg10+S,Mg10+AS,S7+1,S7+2,S7+T,S7+S,S7+AS,S8+1,S8+2,S8+T,S8+S,S8+AS,S9+1,S9+2,S9+T,S9+S,S9+AS,S10+1,S10+2,S10+T,S10+S,S10+AS,Ca9+1,Ca9+2,Ca9+T,Ca9+S,Ca9+AS,Ca10+1,Ca10+2,Ca10+T,Ca10+S,Ca10+AS,Ca11+1,Ca11+2,Ca11+T,Ca11+S,Ca11+AS,Ca12+1,Ca12+2,Ca12+T,Ca12+S,Ca12+AS,Ca8+1,Ca8+2,Ca8+T,Ca8+S,Ca8+AS,S6+1,S6+2,S6+T,S6+S,S6+AS,Ne5+1,Ne5+2,Ne5+T,Ne5+S,Ne5+AS,O5+1,O5+2,O5+T,O5+S,O5+AS,N4+1,N4+2,N4+T,N4+S,N4+AS,Ne9+1,Ne9+2,Ne9+T,Ne9+S,Ne9+AS,Mg4+1,Mg4+2,Mg4+T,Mg4+S,Mg4+AS,Mg5+1,Mg5+2,Mg5+T,Mg5+S,Mg5+AS,Si5+1,Si5+2,Si5+T,Si5+S,Si5+AS,Si6+1,Si6+2,Si6+T,Si6+S,Si6+AS,Si11+1,Si11+2,Si11+T,Si11+S,Si11+AS,Si12+1,Si12+2,Si12+T,Si12+S,Si12+AS,S11+1,S11+2,S11+T,S11+S,S11+AS,S12+1,S12+2,S12+T,S12+S,S12+AS,S13+1,S13+2,S13+T,S13+S,S13+AS,Fe6+1,Fe6+2,Fe6+T,Fe6+S,Fe6+AS,Mg11+1,Mg11+2,Mg11+T,Mg11+S,Mg11+AS
86.636,50.82,18.35,100.0,73.92,60.92,0.0,0.0,0.0,0.0,0.0,0.0,0.0,0.0,0.0,87.48,92.18,100.0,71.26,58.7,,59.3,47.21,100.0,71.87,59.21,71.58,63.06,100.0,74.14,61.11,81.8,91.53,100.0,73.48,60.55,85.26,94.06,100.0,74.07,61.04,87.73,95.59,100.0,74.46,61.37,88.06,95.45,100.0,73.91,60.91,92.39,97.06,100.0,72.94,60.1,93.95,98.02,100.0,73.37,60.46,89.02,93.77,100.0,71.83,59.17,0.0,0.0,0.0,0.0,0.0,90.25,96.74,100.0,74.27,61.21,91.96,97.61,100.0,74.54,61.44,95.14,98.64,100.0,73.71,60.75,0.0,0.0,0.0,0.0,0.0,85.64,90.16,100.0,70.53,58.09,0.0,0.0,0.0,0.0,0.0,89.49,96.35,100.0,74.18,61.14,86.92,94.74,100.0,73.73,60.77,91.32,97.32,100.0,74.5,61.41,88.78,95.45,100.0,73.38,60.47,90.92,96.83,100.0,73.81,60.83,92.53,97.72,100.0,74.14,61.1,85.29,92.89,100.0,72.87,60.04,88.2,95.07,100.0,73.38,60.47,90.44,96.53,100.0,73.76,60.78,92.18,97.52,100.0,74.05,61.03,0.0,0.0,0.0,0.0,0.0,92.56,96.89,100.0,72.52,59.75,93.85,97.8,100.0,73.01,60.16,94.89,98.42,100.0,73.38,60.47,0.0,0.0,0.0,0.0,0.0,95.19,98.3,100.0,72.74,59.94,0.0,0.0,0.0,0.0,0.0,0.0,0.0,0.0,0.0,0.0,0.0,0.0,0.0,0.0,0.0,94.26,97.64,100.0,72.29,59.56,90.98,95.57,100.0,71.88,59.21,85.82,93.22,100.0,72.78,59.97,85.19,93.46,100.0,73.41,60.49,83.26,92.0,100.0,73.07,60.21,93.76,98.31,100.0,74.39,61.32,76.22,84.36,100.0,71.12,58.58,81.41,89.54,100.0,72.17,59.46,87.88,93.36,100.0,71.56,58.95,90.39,95.59,100.0,72.37,59.62,0.0,0.0,0.0,0.0,0.0,0.0,0.0,0.0,0.0,0.0,0.0,0.0,0.0,0.0,0.0,0.0,0.0,0.0,0.0,0.0,0.0,0.0,0.0,0.0,0.0,83.35,87.62,100.0,69.56,57.28,0.0,0.0,0.0,0.0,0.0
75.049,51.67,19.31,100.0,74.38,61.29,88.95,93.71,100.0,72.53,59.75,0.0,0.0,0.0,0.0,0.0,85.96,90.51,100.0,71.37,58.78,57.03,44.07,100.0,72.06,59.36,69.97,61.09,100.0,74.63,61.51,79.96,90.01,100.0,73.88,60.88,83.59,92.9,100.0,74.55,61.44,86.27,94.71,100.0,74.99,61.81,86.34,94.3,100.0,74.37,61.29,90.97,96.04,100.0,73.28,60.37,92.67,97.24,100.0,73.77,60.78,87.57,92.28,100.0,72.02,59.32,0.0,0.0,0.0,0.0,0.0,88.71,95.85,100.0,74.78,61.63,90.56,96.91,100.0,75.08,61.89,94.02,98.06,100.0,74.15,61.1,95.09,98.62,100.0,74.45,61.36,84.02,88.35,100.0,70.55,58.09,0.0,0.0,0.0,0.0,0.0,87.97,95.43,100.0,74.68,61.55,85.15,93.49,100.0,74.17,61.12,90.03,96.66,100.0,75.04,61.85,87.02,94.18,100.0,73.77,60.79,89.41,95.88,100.0,74.26,61.2,91.22,97.01,100.0,74.63,61.51,82.98,90.96,100.0,73.2,60.31,86.14,93.56,100.0,73.77,60.78,88.61,95.35,100.0,74.2,61.14,90.55,96.6,100.0,74.53,61.42,92.11,97.48,100.0,74.8,61.65,91.44,95.97,100.0,72.8,59.98,92.79,97.07,100.0,73.35,60.43,93.91,97.84,100.0,73.78,60.79,94.84,98.39,100.0,74.12,61.08,94.32,97.69,100.0,73.05,60.19,95.15,98.27,100.0,73.47,60.53,0.0,0.0,0.0,0.0,0.0,0.0,0.0,0.0,0.0,0.0,93.35,96.9,100.0,72.54,59.75,89.79,94.43,100.0,72.07,59.36,83.85,91.53,100.0,73.09,60.22,83.36,92.01,100.0,73.81,60.82,81.31,90.34,100.0,73.41,60.49,92.61,97.76,100.0,74.92,61.75,73.51,81.4,100.0,71.21,58.65,78.89,87.12,100.0,72.4,59.64,86.35,91.81,100.0,71.72,59.07,88.87,94.29,100.0,72.63,59.83,0.0,0.0,0.0,0.0,0.0,0.0,0.0,0.0,0.0,0.0,0.0,0.0,0.0,0.0,0.0,0.0,0.0,0.0,0.0,0.0,0.0,0.0,0.0,0.0,0.0,81.56,85.71,100.0,69.45,57.17,0.0,0.0,0.0,0.0,0.0
65.011,52.12,20.14,100.0,74.85,61.68,87.55,92.25,100.0,72.77,59.94,0.0,0.0,0.0,0.0,0.0,84.42,88.79,100.0,71.47,58.85,54.85,40.98,100.0,72.24,59.49,68.28,59.0,100.0,75.14,61.92,78.11,88.35,100.0,74.3,61.22,81.89,91.6,100.0,75.05,61.85,84.73,93.7,100.0,75.55,62.27,84.61,93.02,100.0,74.85,61.68,89.52,94.86,100.0,73.61,60.65,91.32,96.3,100.0,74.16,61.11,86.12,90.68,100.0,72.19,59.46,88.8,93.56,100.0,73.25,60.34,87.08,94.81,100.0,75.31,62.06,89.1,96.08,100.0,75.65,62.35,92.8,97.33,100.0,74.59,61.47,94.01,98.05,100.0,74.94,61.76,82.34,86.52,100.0,70.53,58.07,0.0,0.0,0.0,0.0,0.0,86.36,94.36,100.0,75.19,61.97,83.35,92.08,100.0,74.62,61.49,88.64,95.85,100.0,75.6,62.31,85.2,92.7,100.0,74.17,61.11,87.78,94.75,100.0,74.72,61.58,89.79,96.14,100.0,75.14,61.92,80.62,88.8,100.0,73.52,60.57,83.98,91.82,100.0,74.17,61.11,86.66,93.96,100.0,74.65,61.51,88.8,95.48,100.0,75.03,61.83,90.53,96.58,100.0,75.33,62.08,90.3,94.94,100.0,73.07,60.19,91.71,96.21,100.0,73.69,60.71,92.9,97.14,100.0,74.18,61.12,93.9,97.83,100.0,74.56,61.44,93.44,96.98,100.0,73.36,60.43,94.31,97.68,100.0,73.83,60.82,95.06,98.21,100.0,74.21,61.14,0.0,0.0,0.0,0.0,0.0,92.45,96.07,100.0,72.78,59.94,88.62,93.2,100.0,72.25,59.5,81.84,89.66,100.0,73.4,60.47,81.57,90.46,100.0,74.21,61.14,79.39,88.55,100.0,73.77,60.78,91.36,97.09,100.0,75.46,62.2,70.81,78.34,100.0,71.29,58.7,76.35,84.5,100.0,72.63,59.82,84.93,90.22,100.0,71.85,59.17,87.39,92.87,100.0,72.88,60.03,94.98,98.56,100.0,75.22,61.99,0.0,0.0,0.0,0.0,0.0,94.74,98.34,100.0,74.88,61.7,0.0,0.0,0.0,0.0,0.0,0.0,0.0,0.0,0.0,0.0,79.73,83.85,100.0,68.93,56.67,91.94,97.39,100.0,75.58,62.29
56.316,52.24,20.82,100.0,75.34,62.08,86.15,90.72,100.0,73.0,60.12,88.6,93.35,100.0,73.99,60.95,82.83,87.05,100.0,71.53,58.89,52.79,37.97,99.99,72.4,59.62,66.5,56.74,100.0,75.66,62.35,76.32,86.61,100.0,74.72,61.56,80.18,90.2,100.0,75.56,62.26,83.16,92.58,100.0,76.12,62.74,82.9,91.63,100.0,75.33,62.08,88.09,93.57,100.0,73.95,60.91,89.94,95.22,100.0,74.57,61.43,84.64,89.04,100.0,72.35,59.58,87.45,92.15,100.0,73.54,60.57,85.45,93.66,100.0,75.85,62.51,87.56,95.13,100.0,76.23,62.83,91.51,96.44,100.0,75.05,61.84,92.83,97.35,100.0,75.44,62.16,80.62,84.74,100.0,70.48,58.01,0.0,0.0,0.0,0.0,0.0,84.7,93.14,100.0,75.72,62.4,81.55,90.55,100.0,75.08,61.86,87.16,94.9,100.0,76.18,62.79,83.34,91.07,100.0,74.58,61.44,86.1,93.45,100.0,75.2,61.96,88.27,95.09,100.0,75.66,62.35,78.24,86.47,100.0,73.85,60.83,81.76,89.87,100.0,74.57,61.44,84.62,92.35,100.0,75.11,61.89,86.94,94.16,100.0,75.54,62.25,88.84,95.51,100.0,75.88,62.53,89.18,93.81,100.0,73.34,60.41,90.63,95.25,100.0,74.04,60.99,91.86,96.34,100.0,74.58,61.44,92.92,97.16,100.0,75.01,61.81,92.58,96.19,100.0,73.66,60.67,93.46,96.99,100.0,74.19,61.11,94.24,97.63,100.0,74.62,61.47,94.94,98.13,100.0,74.97,61.78,91.59,95.17,100.0,73.0,60.12,87.48,91.92,100.0,72.41,59.63,79.86,87.66,100.0,73.71,60.72,79.86,88.83,100.0,74.62,61.48,77.55,86.68,100.0,74.12,61.06,90.0,96.27,100.0,76.03,62.66,68.13,75.26,100.0,71.33,58.72,73.84,81.77,100.0,72.84,59.99,83.62,88.66,100.0,71.96,59.25,85.98,91.4,100.0,73.12,60.22,93.92,98.0,100.0,75.75,62.43,94.83,98.49,100.0,76.02,62.65,93.83,97.79,100.0,75.37,62.11,94.61,98.26,100.0,75.67,62.35,0.0,0.0,0.0,0.0,0.0,77.89,82.07,100.0,68.25,56.03,90.41,96.51,100.0,76.15,62.76
48.784,52.1,21.35,99.99,75.97,62.6,84.74,89.15,100.0,73.26,60.33,87.3,91.98,100.0,74.4,61.28,81.21,85.34,100.0,71.55,58.89,50.86,35.12,99.99,72.56,59.74,64.71,54.4,100.0,76.35,62.91,74.6,84.82,100.0,75.25,61.99,78.49,88.7,100.0,76.23,62.82,81.57,91.35,100.0,76.89,63.36,81.25,90.16,100.0,75.97,62.6,86.73,92.21,100.0,74.36,61.24,88.58,94.02,100.0,75.08,61.85,83.13,87.38,100.0,72.5,59.69,86.1,90.67,100.0,73.88,60.85,83.83,92.4,100.0,76.57,63.1,86.01,94.06,100.0,77.02,63.47,90.21,95.43,100.0,75.64,62.32,91.6,96.51,100.0,76.09,62.7,78.9,83.02,100.0,69.77,57.33,88.36,93.1,100.0,74.84,61.65,83.02,91.8,100.0,76.42,62.97,79.78,88.92,100.0,75.67,62.35,85.61,93.83,100.0,76.95,63.42,81.48,89.3,100.0,75.09,61.86,84.36,91.98,100.0,75.81,62.46,86.68,93.91,100.0,76.35,62.92,75.88,84.01,100.0,74.24,61.15,79.54,87.76,100.0,75.08,61.85,82.53,90.56,100.0,75.71,62.38,85.01,92.67,100.0,76.21,62.79,87.06,94.26,100.0,76.6,63.12,88.1,92.62,100.0,73.65,60.65,89.56,94.2,100.0,74.46,61.33,90.84,95.44,100.0,75.09,61.86,91.93,96.39,100.0,75.6,62.28,91.75,95.34,100.0,74.02,60.97,92.63,96.24,100.0,74.63,61.48,93.43,96.97,100.0,75.13,61.9,94.15,97.56,100.0,75.55,62.25,90.74,94.24,100.0,73.26,60.33,86.35,90.62,100.0,72.57,59.75,77.92,85.57,100.0,74.08,61.02,78.26,87.17,100.0,75.13,61.9,75.84,84.8,100.0,74.56,61.41,88.57,95.3,100.0,76.77,63.27,65.5,72.22,100.0,71.32,58.7,71.36,78.98,100.0,73.07,60.17,82.42,87.19,100.0,72.05,59.31,84.68,89.93,100.0,73.39,60.44,92.79,97.32,100.0,76.46,63.01,93.8,97.93,100.0,76.77,63.26,92.89,97.14,100.0,76.01,62.63,93.72,97.71,100.0,76.35,62.92,94.45,98.17,100.0,76.65,63.16,76.1,80.41,100.0,67.44,55.27,88.78,95.47,100.0,76.92,63.39
42.259,51.7,21.72,99.99,76.65,63.15,83.31,87.57,100.0,73.46,60.48,86.0,90.56,100.0,74.8,61.61,79.59,83.71,100.0,71.09,58.44,49.05,32.4,99.89,72.62,59.79,62.9,52.05,100.0,77.1,63.53,72.99,83.02,100.0,75.8,62.45,76.85,87.15,100.0,76.96,63.41,80.01,90.05,100.0,77.73,64.06,79.69,88.66,100.0,76.65,63.16,85.46,90.83,100.0,74.75,61.56,87.28,92.77,100.0,75.6,62.28,81.61,85.76,100.0,72.56,59.73,84.75,89.17,100.0,74.19,61.1,82.26,91.07,100.0,77.36,63.74,84.48,92.91,100.0,77.89,64.19,88.91,94.32,100.0,76.26,62.83,90.36,95.56,100.0,76.79,63.27,77.2,81.4,100.0,69.11,56.71,87.11,91.77,100.0,75.32,62.05,81.36,90.38,100.0,77.18,63.6,78.09,87.24,100.0,76.3,62.86,84.06,92.65,100.0,77.81,64.13,79.66,87.45,100.0,75.61,62.29,82.62,90.4,100.0,76.46,63.0,85.06,92.59,100.0,77.1,63.53,73.58,81.48,100.0,74.62,61.45,77.33,85.53,100.0,75.61,62.28,80.44,88.63,100.0,76.35,62.9,83.04,91.01,100.0,76.93,63.39,85.24,92.85,100.0,77.39,63.78,87.05,91.42,100.0,73.92,60.87,88.53,93.11,100.0,74.87,61.67,89.82,94.46,100.0,75.62,62.29,90.96,95.55,100.0,76.21,62.79,90.95,94.47,100.0,74.35,61.23,91.84,95.45,100.0,75.08,61.84,92.65,96.25,100.0,75.67,62.33,93.37,96.92,100.0,76.16,62.74,89.89,93.29,100.0,73.45,60.48,85.24,89.32,100.0,72.64,59.8,76.07,83.46,100.0,74.43,61.29,76.8,85.52,100.0,75.67,62.33,74.28,82.95,100.0,74.99,61.76,87.07,94.21,100.0,77.6,63.95,62.91,69.31,100.0,70.72,58.12,68.94,76.18,100.0,73.24,60.3,81.33,85.85,100.0,72.03,59.29,83.49,88.51,100.0,73.61,60.61,91.62,96.52,100.0,77.23,63.64,92.71,97.27,100.0,77.59,63.94,91.94,96.4,100.0,76.7,63.19,92.82,97.09,100.0,77.11,63.54,93.59,97.63,100.0,77.45,63.82,74.4,78.92,99.99,66.48,54.39,87.09,94.27,100.0,77.78,64.1
36.607,51.12,21.94,99.92,77.28,63.67,81.88,86.03,100.0,73.55,60.55,84.72,89.13,100.0,75.12,61.87,78.0,82.16,100.0,70.56,57.94,47.33,29.87,99.23,72.37,59.53,61.14,49.69,100.0,77.81,64.11,71.51,81.22,100.0,76.29,62.84,75.29,85.56,100.0,77.64,63.97,78.47,88.69,100.0,78.55,64.73,78.25,87.16,100.0,77.28,63.67,84.31,89.49,100.0,75.06,61.81,86.06,91.49,100.0,76.05,62.65,80.09,84.2,100.0,72.27,59.44,83.41,87.68,100.0,74.41,61.27,80.77,89.7,100.0,78.11,64.36,83.0,91.71,100.0,78.73,64.88,87.67,93.16,100.0,76.83,63.29,89.13,94.52,100.0,77.45,63.81,75.57,79.93,100.0,68.35,56.0,85.87,90.42,100.0,75.73,62.38,79.76,88.91,100.0,77.91,64.19,76.52,85.57,100.0,76.88,63.33,82.51,91.38,100.0,78.64,64.81,77.9,85.55,100.0,76.07,62.66,80.92,88.74,100.0,77.07,63.49,83.44,91.16,100.0,77.81,64.12,71.34,78.95,100.0,74.91,61.69,75.17,83.24,100.0,76.06,62.65,78.37,86.6,100.0,76.93,63.38,81.08,89.23,100.0,77.61,63.95,83.39,91.31,100.0,78.16,64.4,86.01,90.22,100.0,74.08,61.0,87.54,91.99,100.0,75.2,61.93,88.85,93.45,100.0,76.07,62.66,90.0,94.64,100.0,76.77,63.24,90.15,93.58,100.0,74.6,61.43,91.09,94.62,100.0,75.44,62.13,91.89,95.5,100.0,76.13,62.71,92.63,96.23,100.0,76.71,63.19,89.04,92.33,100.0,73.54,60.55,84.13,88.07,100.0,72.4,59.56,74.31,81.38,100.0,74.68,61.5,75.47,83.91,100.0,76.13,62.71,72.9,81.17,100.0,75.34,62.04,85.56,93.01,100.0,78.4,64.6,60.41,66.55,100.0,70.15,57.58,66.57,73.45,100.0,73.29,60.34,80.32,84.65,100.0,71.46,58.73,82.41,87.18,100.0,73.73,60.7,90.44,95.62,100.0,77.96,64.24,91.59,96.5,100.0,78.38,64.59,91.02,95.6,100.0,77.34,63.72,91.92,96.39,100.0,77.82,64.12,92.73,97.02,100.0,78.22,64.46,72.82,77.6,99.99,65.4,53.4,85.36,92.95,100.0,78.6,64.77
31.711,50.44,22.03,99.49,77.85,64.14,80.45,84.57,100.0,73.38,60.38,83.45,87.72,100.0,75.35,62.05,76.46,80.74,100.0,69.94,57.35,45.69,27.54,96.87,71.96,59.13,59.43,47.39,100.0,78.47,64.65,70.16,79.48,100.0,76.71,63.18,73.83,83.97,100.0,78.28,64.49,77.0,87.3,100.0,79.33,65.37,76.93,85.68,100.0,77.86,64.15,83.25,88.22,100.0,75.27,61.99,84.94,90.23,100.0,76.43,62.95,78.6,82.74,100.0,71.85,59.03,82.06,86.22,100.0,74.52,61.35,79.37,88.34,100.0,78.82,64.94,81.59,90.47,100.0,79.54,65.54,86.51,91.97,100.0,77.33,63.7,87.96,93.44,100.0,78.05,64.31,74.05,78.63,99.99,67.48,55.19,84.66,89.06,100.0,76.06,62.64,78.24,87.4,100.0,78.58,64.75,75.09,83.93,100.0,77.39,63.75,81.01,90.07,100.0,79.44,65.46,76.24,83.66,100.0,76.45,62.97,79.27,87.05,100.0,77.61,63.93,81.86,89.67,100.0,78.47,64.66,69.17,76.44,100.0,75.1,61.84,73.1,80.94,100.0,76.45,62.96,76.37,84.52,100.0,77.46,63.81,79.16,87.38,100.0,78.24,64.46,81.55,89.67,100.0,78.87,64.99,85.0,89.05,100.0,74.14,61.04,86.58,90.89,100.0,75.44,62.13,87.92,92.42,100.0,76.45,62.97,89.08,93.69,100.0,77.26,63.65,89.36,92.69,100.0,74.74,61.54,90.34,93.79,100.0,75.72,62.36,91.19,94.73,100.0,76.52,63.03,91.91,95.52,100.0,77.19,63.59,88.18,91.39,100.0,73.37,60.37,83.03,86.88,100.0,72.0,59.16,72.64,79.38,100.0,74.84,61.62,74.27,82.34,100.0,76.52,63.03,71.67,79.49,100.0,75.6,62.25,84.06,91.72,100.0,79.15,65.22,58.03,64.02,100.0,69.5,56.97,64.28,70.84,100.0,73.02,60.06,79.38,83.6,100.0,70.94,58.23,81.43,85.97,100.0,73.73,60.7,89.28,94.65,100.0,78.65,64.8,90.48,95.65,100.0,79.14,65.21,90.12,94.75,100.0,77.92,64.2,91.05,95.63,100.0,78.48,64.66,91.88,96.35,100.0,78.95,65.05,71.38,76.46,99.99,64.19,52.3,83.62,91.51,100.0,79.39,65.42
27.47,49.68,22.0,97.96,78.35,64.55,79.07,83.18,100.0,73.06,60.05,82.19,86.35,100.0,75.48,62.15,75.02,79.45,100.0,69.24,56.7,44.12,25.43,91.56,71.48,58.67,57.82,45.17,100.0,79.07,65.14,68.93,77.81,100.0,77.04,63.45,72.49,82.43,100.0,78.85,64.96,75.62,85.9,100.0,80.06,65.97,75.74,84.25,100.0,78.37,64.56,82.3,87.04,100.0,75.39,62.08,83.92,89.02,100.0,76.73,63.19,77.17,81.38,100.0,71.36,58.56,80.73,84.84,100.0,74.52,61.35,78.1,86.99,100.0,79.47,65.48,80.26,89.22,100.0,80.3,66.17,85.44,90.8,100.0,77.76,64.06,86.86,92.34,100.0,78.6,64.75,72.65,77.47,99.99,66.51,54.3,83.46,87.73,100.0,76.3,62.83,76.84,85.93,100.0,79.2,65.26,73.8,82.35,100.0,77.83,64.11,79.58,88.74,100.0,80.19,66.08,74.68,81.82,100.0,76.75,63.21,77.71,85.34,100.0,78.08,64.32,80.33,88.15,100.0,79.08,65.15,67.08,74.02,100.0,75.2,61.91,71.09,78.67,100.0,76.74,63.21,74.44,82.43,100.0,77.91,64.18,77.29,85.49,100.0,78.81,64.93,79.76,87.97,100.0,79.54,65.54,84.01,87.94,100.0,73.92,60.81,85.66,89.8,100.0,75.58,62.24,87.03,91.4,100.0,76.75,63.21,88.21,92.74,100.0,77.68,63.99,88.6,91.82,100.0,74.77,61.56,89.61,92.97,100.0,75.9,62.5,90.49,93.95,100.0,76.83,63.27,91.25,94.8,100.0,77.6,63.92,87.31,90.47,100.0,73.05,60.04,81.94,85.75,100.0,71.52,58.7,71.08,77.49,100.0,74.89,61.66,73.18,80.87,100.0,76.83,63.28,70.57,77.94,100.0,75.76,62.38,82.59,90.37,100.0,79.86,65.8,55.8,61.73,99.99,68.76,56.28,62.09,68.38,100.0,72.66,59.7,78.51,82.67,100.0,70.35,57.67,80.53,84.89,100.0,73.35,60.3,88.18,93.65,100.0,79.28,65.32,89.39,94.75,100.0,79.84,65.79,89.25,93.88,100.0,78.45,64.62,90.2,94.84,100.0,79.08,65.16,91.06,95.64,100.0,79.62,65.6,70.1,75.48,99.99,62.85,51.09,81.9,89.99,100.0,80.13,66.03
23.796,48.88,21.86,94.42,78.75,64.87,77.73,81.91,100.0,72.65,59.65,80.95,85.07,100.0,75.49,62.15,73.69,78.33,99.99,68.44,55.96,42.63,23.52,83.1,70.92,58.13,56.29,43.03,100.0,79.56,65.55,67.82,76.24,100.0,77.26,63.63,71.27,80.92,100.0,79.32,65.34,74.33,84.52,100.0,80.69,66.49,74.67,82.88,100.0,78.77,64.89,81.43,85.98,100.0,75.39,62.07,83.01,87.92,100.0,76.9,63.33,75.81,80.15,100.0,70.78,58.01,79.44,83.55,100.0,74.18,60.99,76.94,85.69,100.0,80.03,65.93,79.05,88.01,100.0,80.97,66.72,84.48,89.69,100.0,78.08,64.32,85.86,91.27,100.0,79.03,65.1,71.39,76.47,99.99,65.43,53.32,82.28,86.46,100.0,76.42,62.92,75.57,84.49,100.0,79.72,65.68,72.68,80.87,100.0,78.15,64.37,78.25,87.41,100.0,80.84,66.61,73.21,80.06,100.0,76.93,63.36,76.25,83.67,100.0,78.44,64.62,78.88,86.63,100.0,79.58,65.56,65.07,71.73,100.0,75.17,61.88,69.18,76.46,100.0,76.93,63.35,72.6,80.38,100.0,78.25,64.45,75.5,83.6,100.0,79.28,65.31,78.03,86.25,100.0,80.1,66.0,83.03,86.89,100.0,73.6,60.48,84.76,88.77,100.0,75.61,62.25,86.17,90.4,100.0,76.93,63.35,87.38,91.8,100.0,77.99,64.24,87.79,90.98,100.0,74.51,61.28,88.9,92.17,100.0,75.97,62.55,89.81,93.19,100.0,77.02,63.43,90.6,94.08,100.0,77.89,64.16,86.4,89.58,100.0,72.63,59.64,80.88,84.72,100.0,70.95,58.16,69.62,75.76,100.0,74.67,61.42,72.19,79.47,100.0,77.02,63.43,69.6,76.55,100.0,75.8,62.41,81.17,89.0,100.0,80.46,66.3,53.74,59.68,99.99,67.92,55.5,60.0,66.1,100.0,72.21,59.27,77.69,81.86,99.99,69.66,57.03,79.7,83.94,100.0,72.97,59.93,87.15,92.64,100.0,79.8,65.75,88.36,93.82,100.0,80.45,66.29,88.44,93.0,100.0,78.86,64.96,89.39,94.02,100.0,79.58,65.56,90.26,94.9,100.0,80.19,66.07,68.96,74.63,99.99,61.39,49.78,80.24,88.44,100.0,80.78,66.56
20.613,48.06,21.62,88.46,78.91,65.0,76.47,80.75,100.0,72.09,59.12,79.75,83.87,100.0,75.15,61.8,72.48,77.34,99.99,67.49,55.09,41.15,21.81,72.51,70.2,57.46,54.88,41.01,100.0,79.82,65.75,66.79,74.78,100.0,77.27,63.63,70.17,79.49,100.0,79.54,65.52,73.15,83.2,100.0,81.06,66.79,73.71,81.6,100.0,78.94,65.02,80.65,85.03,100.0,75.01,61.68,82.18,86.9,100.0,76.88,63.3,74.56,79.06,99.99,70.05,57.33,78.2,82.36,100.0,73.76,60.59,75.9,84.44,100.0,80.32,66.18,77.94,86.82,100.0,81.36,67.04,83.6,88.65,100.0,78.18,64.39,84.95,90.24,100.0,79.22,65.26,70.27,75.61,99.99,64.19,52.2,81.13,85.26,100.0,76.34,62.86,74.43,83.13,100.0,79.98,65.89,71.68,79.51,100.0,78.26,64.45,77.03,86.14,100.0,81.22,66.92,71.85,78.43,100.0,76.91,63.33,74.89,82.07,100.0,78.58,64.72,77.52,85.13,100.0,79.83,65.77,63.17,69.59,100.0,74.74,61.45,67.36,74.36,100.0,76.91,63.33,70.84,78.38,100.0,78.37,64.54,73.81,81.74,100.0,79.5,65.49,76.38,84.54,100.0,80.41,66.25,82.09,85.91,100.0,73.12,60.03,83.88,87.8,100.0,75.29,61.93,85.35,89.45,100.0,76.91,63.33,86.59,90.89,100.0,78.08,64.3,87.0,90.17,100.0,74.11,60.9,88.18,91.4,100.0,75.75,62.33,89.15,92.46,100.0,77.0,63.41,89.97,93.38,100.0,77.97,64.22,85.5,88.72,99.99,72.07,59.11,79.84,83.75,99.99,70.23,57.5,68.25,74.17,100.0,74.29,61.06,71.27,78.17,100.0,77.01,63.41,68.72,75.28,100.0,75.54,62.15,79.84,87.64,100.0,80.81,66.58,51.86,57.83,99.99,66.93,54.6,58.05,64.04,100.0,71.62,58.71,76.91,81.14,99.99,68.82,56.26,78.94,83.12,100.0,72.43,59.43,86.21,91.66,100.0,80.08,65.97,87.4,92.89,100.0,80.79,66.56,87.67,92.14,100.0,79.04,65.1,88.64,93.22,100.0,79.83,65.77,89.51,94.15,100.0,80.51,66.33,67.96,73.91,99.98,60.26,48.83,78.64,86.87,100.0,81.15,66.87
17.856,47.3,21.38,80.47,79.04,65.1,75.31,79.7,100.0,71.49,58.57,78.62,82.76,100.0,74.81,61.47,71.4,76.47,99.99,66.49,54.19,39.82,20.31,61.31,69.44,56.77,53.6,39.17,99.99,80.03,65.93,65.85,73.43,100.0,77.24,63.6,69.18,78.15,100.0,79.73,65.68,72.08,81.93,100.0,81.39,67.06,72.85,80.4,100.0,79.07,65.13,79.93,84.21,100.0,74.66,61.34,81.44,85.99,100.0,76.81,63.24,73.42,78.11,99.99,69.27,56.62,77.05,81.27,100.0,73.3,60.15,74.97,83.27,100.0,80.59,66.39,76.94,85.7,100.0,81.73,67.34,82.82,87.69,100.0,78.24,64.43,84.12,89.27,100.0,79.39,65.39,69.28,74.87,99.99,62.9,51.05,80.03,84.15,100.0,76.09,62.59,73.42,81.86,100.0,80.22,66.08,70.79,78.25,100.0,78.32,64.5,75.93,84.91,100.0,81.57,67.21,70.59,76.91,100.0,76.85,63.28,73.63,80.57,100.0,78.68,64.8,76.26,83.69,100.0,80.05,65.94,61.39,67.62,100.0,74.38,61.09,65.64,72.39,100.0,76.85,63.27,69.19,76.48,100.0,78.45,64.6,72.21,79.95,100.0,79.69,65.64,74.83,82.86,100.0,80.69,66.47,81.18,85.01,100.0,72.61,59.55,83.04,86.89,100.0,74.97,61.61,84.56,88.56,100.0,76.84,63.27,85.85,90.02,100.0,78.13,64.34,86.21,89.39,100.0,73.69,60.49,87.49,90.66,100.0,75.46,62.05,88.53,91.75,100.0,76.95,63.36,89.38,92.71,100.0,78.01,64.24,84.59,87.89,99.99,71.47,58.55,78.85,82.86,99.99,69.47,56.8,67.0,72.72,100.0,73.89,60.66,70.42,76.98,100.0,76.95,63.36,67.92,74.16,100.0,75.23,61.85,78.58,86.3,100.0,81.12,66.84,50.15,56.25,99.99,65.89,53.66,56.25,62.18,99.99,70.98,58.12,76.18,80.5,99.99,67.93,55.45,78.23,82.4,100.0,71.86,58.89,85.35,90.71,100.0,80.32,66.17,86.52,91.99,100.0,81.1,66.82,86.95,91.31,100.0,79.18,65.21,87.93,92.43,100.0,80.05,65.94,88.81,93.41,100.0,80.8,66.56,67.06,73.27,99.95,59.01,47.76,77.14,85.33,100.0,81.5,67.15
16.619,46.89,21.22,75.95,79.09,65.14,74.77,79.23,100.0,71.18,58.28,78.08,82.24,100.0,74.63,61.3,70.91,76.09,99.99,65.98,53.72,39.17,19.62,55.85,69.04,56.41,53.0,38.28,99.99,80.13,66.0,65.41,72.79,100.0,77.21,63.57,68.72,77.52,100.0,79.81,65.74,71.59,81.31,100.0,81.55,67.19,72.44,79.83,100.0,79.13,65.17,79.6,83.84,100.0,74.48,61.16,81.09,85.58,100.0,76.66,63.07,72.9,77.67,99.99,68.87,56.26,76.5,80.77,100.0,73.06,59.93,74.55,82.71,100.0,80.71,66.49,76.49,85.16,100.0,81.9,67.48,82.46,87.24,100.0,78.26,64.44,83.74,88.81,100.0,79.45,65.44,68.83,74.54,99.99,62.39,50.6,79.51,83.62,100.0,75.96,62.46,72.97,81.26,100.0,80.32,66.17,70.38,77.68,100.0,78.34,64.51,75.41,84.31,100.0,81.74,67.35,69.99,76.21,100.0,76.71,63.12,73.03,79.85,100.0,78.72,64.83,75.67,83.0,100.0,80.15,66.02,60.54,66.69,100.0,74.18,60.91,64.83,71.45,100.0,76.7,63.11,68.4,75.57,100.0,78.47,64.62,71.45,79.08,100.0,79.77,65.71,74.09,82.05,100.0,80.81,66.57,80.74,84.59,100.0,72.35,59.3,82.63,86.47,100.0,74.79,61.44,84.19,88.14,100.0,76.7,63.11,85.49,89.61,100.0,78.14,64.35,85.82,89.02,100.0,73.47,60.28,87.14,90.31,100.0,75.31,61.9,88.2,91.41,100.0,76.91,63.32,89.09,92.38,100.0,78.02,64.24,84.13,87.49,99.99,71.16,58.26,78.38,82.45,99.99,69.08,56.44,66.41,72.07,100.0,73.67,60.46,70.0,76.42,100.0,76.91,63.32,67.54,73.66,100.0,75.07,61.69,77.99,85.65,100.0,81.27,66.95,49.37,55.53,99.98,65.36,53.18,55.41,61.34,99.99,70.66,57.82,75.82,80.2,99.99,67.47,55.03,77.9,82.07,99.99,71.56,58.61,84.96,90.26,100.0,80.43,66.26,86.12,91.55,100.0,81.25,66.94,86.6,90.91,100.0,79.24,65.26,87.59,92.05,100.0,80.15,66.02,88.48,93.05,100.0,80.93,66.67,66.65,72.98,99.92,58.37,47.22,76.41,84.57,100.0,81.67,67.29
15.468,46.51,21.06,71.29,79.14,65.17,74.25,78.8,99.99,70.86,57.98,77.56,81.74,100.0,74.45,61.13,70.44,75.73,99.99,65.46,53.25,38.54,18.97,50.68,68.65,56.05,52.42,37.42,99.99,80.22,66.08,64.98,72.18,100.0,77.08,63.42,68.28,76.91,100.0,79.89,65.8,71.12,80.72,100.0,81.7,67.31,72.06,79.29,100.0,79.17,65.2,79.28,83.49,100.0,74.29,60.98,80.77,85.18,100.0,76.55,62.96,72.4,77.27,99.99,68.46,55.88,75.97,80.3,100.0,72.82,59.7,74.15,82.18,100.0,80.83,66.58,76.06,84.64,100.0,82.07,67.62,82.12,86.83,100.0,78.27,64.45,83.39,88.39,100.0,79.51,65.49,68.41,74.23,99.99,61.9,50.18,79.0,83.12,100.0,75.83,62.33,72.53,80.68,100.0,80.42,66.24,70.0,77.14,100.0,78.35,64.52,74.94,83.75,100.0,81.9,67.47,69.43,75.53,100.0,76.6,63.01,72.46,79.17,100.0,78.75,64.85,75.1,82.33,100.0,80.24,66.1,59.73,65.8,100.0,73.99,60.72,64.03,70.56,100.0,76.6,63.01,67.64,74.69,100.0,78.49,64.64,70.71,78.23,100.0,79.85,65.77,73.38,81.25,100.0,80.93,66.67,80.31,84.19,100.0,72.08,59.05,82.24,86.06,100.0,74.62,61.27,83.82,87.73,100.0,76.59,63.0,85.14,89.21,100.0,78.14,64.35,85.43,88.65,99.99,73.24,60.06,86.79,89.96,100.0,75.15,61.74,87.89,91.08,100.0,76.72,63.11,88.81,92.06,100.0,78.01,64.24,83.7,87.1,99.99,70.84,57.96,77.93,82.06,99.99,68.68,56.08,65.84,71.46,99.99,73.45,60.25,69.6,75.89,100.0,76.72,63.11,67.18,73.18,100.0,74.91,61.52,77.42,85.01,100.0,81.41,67.07,48.63,54.84,99.96,64.82,52.7,54.6,60.54,99.99,70.32,57.51,75.47,79.91,99.99,67.01,54.61,77.59,81.75,99.99,71.26,58.33,84.59,89.83,100.0,80.53,66.34,85.73,91.13,100.0,81.39,67.05,86.27,90.52,100.0,79.29,65.3,87.27,91.68,100.0,80.24,66.09,88.17,92.7,100.0,81.05,66.77,66.26,72.69,99.88,57.73,46.68,75.71,83.83,100.0,81.82,67.41
14.396,46.12,20.88,66.61,79.17,65.2,73.76,78.38,99.99,70.54,57.69,77.06,81.28,100.0,74.26,60.95,70.01,75.41,99.99,64.93,52.78,37.92,18.36,45.87,68.25,55.68,51.87,36.61,99.99,80.3,66.14,64.56,71.6,100.0,76.98,63.33,67.87,76.32,100.0,79.96,65.85,70.67,80.15,100.0,81.85,67.43,71.7,78.77,100.0,79.21,65.23,78.98,83.17,100.0,74.09,60.8,80.46,84.82,100.0,76.44,62.85,71.93,76.88,99.99,68.05,55.51,75.47,79.84,100.0,72.57,59.47,73.77,81.66,100.0,80.94,66.67,75.65,84.14,100.0,82.23,67.75,81.8,86.43,100.0,78.27,64.45,83.05,87.97,100.0,79.57,65.53,68.01,73.94,99.98,61.41,49.77,78.5,82.65,100.0,75.69,62.2,72.13,80.13,100.0,80.51,66.32,69.64,76.62,100.0,78.36,64.52,74.49,83.21,100.0,82.05,67.6,68.88,74.9,100.0,76.5,62.9,71.92,78.51,100.0,78.77,64.86,74.56,81.68,100.0,80.33,66.16,58.95,64.97,100.0,73.78,60.53,63.27,69.71,100.0,76.5,62.9,66.91,73.84,100.0,78.5,64.64,70.0,77.42,100.0,79.92,65.82,72.69,80.48,100.0,81.05,66.76,79.9,83.8,99.99,71.8,58.79,81.85,85.67,100.0,74.44,61.1,83.46,87.34,100.0,76.49,62.89,84.8,88.83,100.0,78.14,64.34,85.04,88.3,99.99,73.0,59.84,86.45,89.63,100.0,74.99,61.58,87.59,90.76,100.0,76.62,63.01,88.53,91.76,100.0,78.0,64.23,83.24,86.71,99.99,70.52,57.67,77.48,81.68,99.99,68.28,55.71,65.3,70.88,99.99,73.23,60.04,69.22,75.39,100.0,76.62,63.01,66.83,72.73,100.0,74.73,61.36,76.88,84.4,100.0,81.54,67.17,47.94,54.21,99.94,64.28,52.21,53.84,59.78,99.99,69.99,57.2,75.15,79.64,99.99,66.55,54.19,77.27,81.47,99.99,70.95,58.05,84.24,89.41,100.0,80.63,66.42,85.36,90.71,100.0,81.52,67.15,85.95,90.14,100.0,79.33,65.33,86.96,91.32,100.0,80.33,66.16,87.86,92.35,100.0,81.17,66.86,65.87,72.4,99.82,57.09,46.13,75.04,83.1,100.0,81.97,67.54
13.399,45.74,20.71,62.01,79.2,65.22,73.29,78.0,99.99,70.22,57.39,76.57,80.84,100.0,74.07,60.76,69.6,75.1,99.99,64.4,52.3,37.33,17.79,41.47,67.84,55.31,51.36,35.86,99.99,80.38,66.2,64.16,71.05,100.0,76.89,63.23,67.48,75.76,100.0,80.02,65.9,70.26,79.6,100.0,81.98,67.54,71.34,78.28,100.0,79.24,65.26,78.69,82.86,100.0,73.9,60.61,80.16,84.48,100.0,76.33,62.74,71.48,76.53,99.99,67.64,55.13,74.99,79.42,100.0,72.32,59.23,73.41,81.17,100.0,81.04,66.75,75.27,83.65,100.0,82.38,67.87,81.49,86.06,100.0,78.26,64.44,82.73,87.58,100.0,79.61,65.57,67.64,73.68,99.97,60.92,49.35,78.03,82.19,100.0,75.56,62.06,71.75,79.61,100.0,80.59,66.38,69.31,76.13,100.0,78.35,64.52,74.06,82.68,100.0,82.2,67.72,68.36,74.3,100.0,76.39,62.79,71.4,77.88,100.0,78.78,64.87,74.03,81.06,100.0,80.4,66.22,58.2,64.2,100.0,73.58,60.33,62.54,68.89,100.0,76.39,62.79,66.2,73.03,100.0,78.51,64.65,69.32,76.63,100.0,79.98,65.87,72.02,79.73,100.0,81.15,66.85,79.5,83.43,99.99,71.52,58.53,81.47,85.3,100.0,74.25,60.92,83.11,86.96,100.0,76.37,62.77,84.47,88.46,100.0,78.13,64.33,84.66,87.95,99.99,72.77,59.62,86.11,89.3,100.0,74.83,61.42,87.29,90.45,100.0,76.51,62.9,88.24,91.46,100.0,77.99,64.21,82.81,86.34,99.99,70.19,57.37,77.04,81.31,99.99,67.87,55.34,64.79,70.32,99.99,73.0,59.83,68.85,74.91,100.0,76.51,62.9,66.5,72.31,100.0,74.56,61.19,76.36,83.8,100.0,81.67,67.28,47.28,53.61,99.9,63.73,51.72,53.12,59.07,99.99,69.65,56.89,74.81,79.38,99.99,66.08,53.77,76.97,81.19,99.99,70.64,57.76,83.9,89.0,100.0,80.72,66.49,85.02,90.33,100.0,81.64,67.26,85.64,89.78,100.0,79.37,65.36,86.65,90.97,100.0,80.4,66.22,87.56,92.02,100.0,81.28,66.95,65.51,72.13,99.75,56.45,45.59,74.4,82.39,100.0,82.12,67.65
12.471,45.39,20.54,57.58,79.22,65.24,72.85,77.63,99.99,69.89,57.09,76.11,80.43,100.0,73.88,60.58,69.21,74.81,99.99,63.87,51.83,36.76,17.26,37.47,67.44,54.95,50.88,35.15,99.99,80.45,66.26,63.78,70.53,100.0,76.79,63.13,67.11,75.23,100.0,80.07,65.95,69.86,79.08,100.0,82.11,67.65,71.0,77.81,100.0,79.27,65.28,78.41,82.58,100.0,73.7,60.42,79.88,84.15,100.0,76.21,62.62,71.07,76.22,99.99,67.22,54.76,74.54,79.04,99.99,72.07,58.99,73.06,80.7,100.0,81.13,66.83,74.91,83.19,100.0,82.53,67.99,81.21,85.71,100.0,78.17,64.33,82.43,87.2,100.0,79.65,65.6,67.29,73.43,99.96,60.43,48.93,77.57,81.76,100.0,75.41,61.92,71.4,79.12,100.0,80.67,66.44,68.98,75.67,100.0,78.34,64.51,73.67,82.18,100.0,82.34,67.83,67.86,73.72,100.0,76.28,62.67,70.9,77.29,100.0,78.79,64.88,73.54,80.46,100.0,80.48,66.28,57.49,63.47,99.99,73.37,60.13,61.84,68.11,100.0,76.28,62.68,65.52,72.25,100.0,78.51,64.64,68.66,75.87,100.0,80.03,65.91,71.38,79.0,100.0,81.25,66.93,79.11,83.09,99.99,71.24,58.27,81.12,84.95,100.0,74.07,60.74,82.77,86.61,100.0,76.26,62.66,84.16,88.1,100.0,78.01,64.19,84.28,87.62,99.99,72.53,59.4,85.79,88.99,99.99,74.66,61.26,86.99,90.15,100.0,76.4,62.78,87.97,91.17,100.0,77.85,64.05,82.39,85.98,99.99,69.87,57.07,76.63,80.97,99.99,67.47,54.97,64.3,69.82,99.99,72.78,59.61,68.49,74.44,100.0,76.4,62.78,66.19,71.91,99.99,74.38,61.02,75.86,83.22,100.0,81.79,67.37,46.66,53.06,99.85,63.19,51.23,52.43,58.39,99.99,69.3,56.58,74.49,79.13,99.98,65.6,53.34,76.69,80.94,99.99,70.33,57.47,83.59,88.63,100.0,80.8,66.55,84.69,89.95,100.0,81.76,67.35,85.33,89.43,100.0,79.4,65.38,86.36,90.63,100.0,80.47,66.28,87.28,91.69,100.0,81.38,67.04,65.17,71.87,99.64,55.81,45.05,73.78,81.7,100.0,82.26,67.76
11.607,45.03,20.35,53.37,79.3,65.3,72.43,77.29,99.99,69.6,56.82,75.68,80.03,100.0,73.73,60.43,68.85,74.55,99.99,63.37,51.37,36.22,16.76,33.87,67.07,54.61,50.41,34.44,99.98,80.58,66.37,63.4,70.03,100.0,76.75,63.07,66.75,74.72,100.0,80.19,66.04,69.49,78.57,100.0,82.34,67.83,70.69,77.36,100.0,79.35,65.34,78.15,82.31,100.0,73.54,60.26,79.62,83.85,100.0,76.15,62.54,70.68,75.91,99.99,66.84,54.4,74.11,78.68,99.99,71.86,58.79,72.74,80.25,100.0,81.3,66.97,74.57,82.74,100.0,82.77,68.19,80.93,85.38,100.0,78.17,64.31,82.15,86.86,100.0,79.75,65.67,66.96,73.19,99.94,59.97,48.54,77.14,81.35,100.0,75.32,61.82,71.07,78.65,100.0,80.82,66.57,68.68,75.23,100.0,78.28,64.41,73.3,81.7,100.0,82.57,68.02,67.39,73.18,100.0,76.21,62.6,70.43,76.73,100.0,78.85,64.92,73.06,79.88,100.0,80.62,66.4,56.81,62.77,99.99,73.21,59.97,61.16,67.37,100.0,76.22,62.6,64.87,71.5,100.0,78.47,64.58,68.03,75.13,100.0,80.15,66.01,70.77,78.3,100.0,81.44,67.08,78.73,82.76,99.99,71.0,58.04,80.76,84.61,100.0,73.92,60.6,82.44,86.26,100.0,76.2,62.58,83.84,87.76,100.0,78.01,64.17,83.92,87.3,99.99,72.34,59.21,85.46,88.68,99.99,74.54,61.14,86.7,89.87,100.0,76.34,62.71,87.71,90.89,100.0,77.84,64.03,81.95,85.62,99.99,69.58,56.8,76.24,80.64,99.99,67.09,54.63,63.84,69.34,99.99,72.59,59.43,68.14,74.0,100.0,76.34,62.71,65.88,71.55,99.99,74.25,60.88,75.39,82.67,100.0,81.99,67.54,46.08,52.55,99.77,62.96,51.06,51.78,57.75,99.99,69.0,56.29,74.17,78.88,99.98,65.16,52.94,76.42,80.7,99.99,70.06,57.22,83.29,88.27,100.0,80.96,66.68,84.38,89.58,100.0,81.97,67.52,85.04,89.1,100.0,79.48,65.45,86.08,90.3,100.0,80.61,66.39,87.01,91.37,100.0,81.57,67.19,64.83,71.59,99.5,55.19,44.52,73.18,81.03,100.0,82.49,67.95
10.803,44.7,20.17,49.43,79.2,65.21,72.04,76.98,99.99,69.2,56.46,75.26,79.66,100.0,73.45,60.17,68.52,74.31,99.99,63.1,51.16,35.71,16.3,30.66,66.6,54.19,49.96,33.78,99.97,80.49,66.29,63.05,69.56,100.0,76.54,62.88,66.41,74.23,100.0,80.1,65.96,69.14,78.09,100.0,82.26,67.76,70.39,76.93,100.0,79.25,65.25,77.89,82.06,99.99,73.25,60.0,79.36,83.58,100.0,75.92,62.34,70.31,75.64,99.99,66.36,53.98,73.7,78.34,99.99,71.52,58.49,72.43,79.82,100.0,81.22,66.9,74.25,82.32,100.0,82.7,68.13,80.68,85.07,100.0,78.0,64.16,81.88,86.53,100.0,79.65,65.59,66.64,72.97,99.92,59.44,48.09,76.72,80.97,100.0,75.08,61.6,70.75,78.19,100.0,80.73,66.49,68.39,74.83,100.0,78.12,64.25,72.95,81.24,100.0,82.49,67.96,66.95,72.66,100.0,75.99,62.4,69.98,76.19,100.0,78.65,64.72,72.61,79.34,100.0,80.53,66.32,56.17,62.11,99.99,72.91,59.7,60.52,66.67,100.0,76.0,62.4,64.24,70.79,100.0,78.32,64.43,67.42,74.43,100.0,80.06,65.93,70.18,77.62,100.0,81.35,67.01,78.37,82.44,99.99,70.64,57.72,80.42,84.29,100.0,73.64,60.34,82.13,85.94,100.0,75.97,62.38,83.54,87.44,100.0,77.84,64.01,83.56,86.98,99.99,72.01,58.92,85.14,88.39,99.99,74.27,60.89,86.41,89.59,100.0,76.13,62.51,87.46,90.63,100.0,77.67,63.86,81.53,85.27,99.99,69.18,56.44,75.85,80.33,99.99,66.62,54.21,63.4,68.9,99.99,72.27,59.15,67.79,73.59,100.0,76.12,62.51,65.58,71.2,99.99,73.97,60.63,74.94,82.13,100.0,81.91,67.48,45.54,52.07,99.67,62.53,50.69,51.16,57.18,99.99,68.58,55.92,73.87,78.64,99.97,64.64,52.47,76.15,80.47,99.99,69.67,56.87,83.01,87.93,100.0,80.87,66.61,84.09,89.23,100.0,81.89,67.45,84.76,88.78,100.0,79.38,65.37,85.81,89.98,100.0,80.52,66.32,86.74,91.07,100.0,81.48,67.12,64.49,71.29,99.33,54.52,43.96,72.61,80.39,100.0,82.41,67.89
10.055,44.39,20.0,45.76,79.11,65.14,71.67,76.68,99.99,68.81,56.11,74.87,79.32,100.0,73.17,59.92,68.2,74.08,99.98,62.68,50.81,35.21,15.86,27.8,66.14,53.78,49.55,33.16,99.94,80.42,66.23,62.71,69.11,100.0,76.34,62.69,66.09,73.77,100.0,80.02,65.89,68.8,77.63,100.0,82.19,67.71,70.08,76.53,100.0,79.16,65.18,77.66,81.82,99.99,72.96,59.74,79.12,83.32,100.0,75.71,62.14,69.97,75.38,99.99,65.89,53.56,73.31,78.02,99.99,71.19,58.19,72.15,79.41,100.0,81.15,66.83,73.95,81.91,100.0,82.63,68.07,80.43,84.78,100.0,77.84,64.0,81.63,86.22,100.0,79.57,65.52,66.34,72.75,99.89,58.92,47.65,76.32,80.61,100.0,74.84,61.38,70.46,77.78,100.0,80.66,66.43,68.12,74.44,100.0,77.95,64.1,72.63,80.8,100.0,82.43,67.9,66.52,72.19,100.0,75.78,62.2,69.55,75.68,100.0,78.5,64.58,72.18,78.83,100.0,80.45,66.25,55.56,61.49,99.99,72.62,59.44,59.91,66.0,100.0,75.79,62.21,63.64,70.12,100.0,78.16,64.28,66.84,73.76,100.0,79.98,65.86,69.62,76.97,100.0,81.28,66.95,78.03,82.14,99.99,70.28,57.4,80.1,83.99,99.99,73.36,60.09,81.82,85.63,100.0,75.76,62.18,83.26,87.13,100.0,77.67,63.85,83.2,86.67,99.99,71.69,58.63,84.84,88.1,99.99,74.01,60.66,86.13,89.32,100.0,75.91,62.32,87.2,90.37,100.0,77.5,63.7,81.13,84.93,99.99,68.78,56.08,75.47,80.03,99.99,66.16,53.8,62.99,68.5,99.99,71.96,58.86,67.45,73.19,100.0,75.91,62.32,65.3,70.88,99.99,73.7,60.39,74.51,81.62,100.0,81.85,67.42,45.03,51.62,99.53,62.1,50.32,50.58,56.65,99.99,68.18,55.56,73.57,78.42,99.95,64.12,52.01,75.88,80.25,99.99,69.29,56.52,82.75,87.6,100.0,80.8,66.54,83.81,88.9,100.0,81.82,67.39,84.49,88.47,100.0,79.3,65.3,85.55,89.68,100.0,80.44,66.25,86.49,90.78,100.0,81.41,67.06,64.18,71.0,99.12,53.87,43.41,72.06,79.77,100.0,82.35,67.84
9.358,44.06,19.81,42.39,78.89,64.91,71.33,76.42,99.99,68.42,55.76,74.49,79.0,99.99,72.89,59.67,67.9,73.87,99.98,62.27,50.46,34.73,15.45,25.27,65.7,53.38,49.15,32.55,99.9,80.35,66.17,62.37,68.7,100.0,76.14,62.51,65.79,73.33,100.0,79.95,65.84,68.49,77.2,100.0,82.14,67.66,69.79,76.15,100.0,78.95,64.96,77.42,81.6,99.99,72.68,59.48,78.9,83.08,100.0,75.49,61.94,69.65,75.14,99.99,65.43,53.15,72.95,77.71,99.99,70.86,57.89,71.87,79.02,100.0,81.08,66.78,73.66,81.52,100.0,82.58,68.03,80.2,84.52,100.0,77.68,63.85,81.39,85.93,100.0,79.5,65.46,66.05,72.53,99.85,58.41,47.22,75.94,80.27,100.0,74.6,61.16,70.18,77.39,100.0,80.59,66.37,67.86,74.08,100.0,77.8,63.95,72.32,80.39,100.0,82.37,67.86,66.11,71.75,99.99,75.57,62.01,69.15,75.19,100.0,78.36,64.45,71.77,78.33,100.0,80.39,66.2,54.98,60.92,99.99,72.33,59.18,59.33,65.36,100.0,75.58,62.01,63.06,69.48,100.0,78.01,64.14,66.28,73.12,100.0,79.91,65.81,69.08,76.34,100.0,81.22,66.9,77.69,81.86,99.99,69.94,57.08,79.79,83.7,99.99,73.09,59.84,81.52,85.34,100.0,75.55,61.99,82.98,86.83,100.0,77.51,63.7,82.86,86.38,99.99,71.38,58.34,84.52,87.83,99.99,73.76,60.43,85.87,89.06,100.0,75.71,62.13,86.96,90.12,100.0,77.33,63.54,80.75,84.62,99.99,68.4,55.74,75.12,79.74,99.99,65.71,53.39,62.59,68.11,99.99,71.66,58.59,67.14,72.81,100.0,75.71,62.13,65.03,70.58,99.99,73.44,60.15,74.1,81.13,100.0,81.79,67.37,44.54,51.19,99.35,61.68,49.97,50.03,56.14,99.98,67.78,55.2,73.27,78.19,99.93,63.81,51.76,75.64,80.05,99.99,68.91,56.19,82.5,87.29,100.0,80.73,66.49,83.56,88.59,100.0,81.76,67.35,84.23,88.18,100.0,79.11,65.1,85.3,89.4,100.0,80.38,66.2,86.25,90.5,100.0,81.35,67.01,63.88,70.73,98.86,53.23,42.86,71.53,79.17,100.0,82.29,67.79
8.71,43.75,19.64,39.3,78.76,64.79,71.01,76.17,99.99,68.05,55.43,74.14,78.7,99.99,72.62,59.42,67.63,73.67,99.97,61.87,50.12,34.28,15.08,23.02,65.26,52.99,48.77,31.99,99.84,80.3,66.13,62.05,68.3,99.99,75.95,62.33,65.49,72.92,100.0,79.9,65.79,68.19,76.78,100.0,82.09,67.62,69.52,75.78,100.0,78.82,64.84,77.2,81.4,99.99,72.4,59.23,78.69,82.85,100.0,75.29,61.75,69.34,74.91,99.99,64.99,52.75,72.61,77.44,99.99,70.55,57.61,71.61,78.65,100.0,81.04,66.74,73.39,81.16,100.0,82.54,67.99,79.98,84.26,100.0,77.53,63.71,81.16,85.66,100.0,79.32,65.27,65.78,72.33,99.81,57.92,46.8,75.58,79.95,100.0,74.38,60.96,69.93,77.02,100.0,80.54,66.33,67.61,73.76,100.0,77.64,63.81,72.03,80.0,100.0,82.33,67.82,65.72,71.33,99.99,75.37,61.82,68.75,74.75,100.0,78.22,64.32,71.39,77.86,100.0,80.33,66.16,54.43,60.38,99.99,72.05,58.93,58.77,64.78,100.0,75.38,61.83,62.52,68.86,100.0,77.87,64.01,65.75,72.52,100.0,79.86,65.76,68.56,75.75,100.0,81.17,66.86,77.37,81.59,99.99,69.6,56.78,79.49,83.42,99.99,72.83,59.61,81.24,85.07,100.0,75.34,61.8,82.71,86.55,100.0,77.35,63.55,82.53,86.1,99.99,71.08,58.07,84.22,87.57,99.99,73.51,60.2,85.6,88.81,99.99,75.51,61.94,86.72,89.89,100.0,77.16,63.39,80.36,84.3,99.99,68.02,55.4,74.78,79.47,99.98,65.27,53.0,62.22,67.75,99.99,71.36,58.32,66.82,72.45,99.99,75.5,61.94,64.77,70.29,99.99,73.19,59.91,73.71,80.67,100.0,81.74,67.33,44.09,50.79,99.13,61.27,49.62,49.52,55.67,99.98,67.4,54.86,72.99,77.98,99.91,63.45,51.45,75.4,79.85,99.99,68.55,55.86,82.27,87.0,100.0,80.68,66.45,83.31,88.3,100.0,81.71,67.31,83.98,87.9,100.0,78.99,64.99,85.07,89.13,100.0,80.33,66.15,86.02,90.23,100.0,81.31,66.97,63.59,70.47,98.55,52.6,42.33,71.03,78.59,100.0,82.25,67.75
8.106,43.46,19.48,36.49,78.64,64.67,70.7,75.93,99.99,67.69,55.1,73.81,78.43,99.99,72.36,59.19,67.37,73.48,99.96,61.48,49.79,33.87,14.73,21.04,64.84,52.61,48.42,31.46,99.76,80.26,66.09,61.75,67.93,99.99,75.76,62.16,65.22,72.52,100.0,79.85,65.75,67.91,76.38,100.0,82.06,67.59,69.26,75.44,100.0,78.7,64.73,76.98,81.21,99.99,72.14,58.99,78.48,82.64,100.0,75.09,61.57,69.06,74.7,99.99,64.55,52.36,72.29,77.18,99.99,70.24,57.33,71.35,78.3,100.0,81.0,66.71,73.14,80.81,100.0,82.51,67.97,79.77,84.03,100.0,77.38,63.57,80.95,85.4,100.0,79.21,65.17,65.53,72.14,99.75,57.43,46.39,75.25,79.64,100.0,74.16,60.76,69.68,76.67,100.0,80.5,66.29,67.38,73.45,100.0,77.5,63.67,71.77,79.64,100.0,82.3,67.79,65.36,70.94,99.99,75.17,61.64,68.38,74.32,100.0,78.09,64.19,71.02,77.42,100.0,80.29,66.12,53.92,59.86,99.99,71.78,58.68,58.23,64.23,100.0,75.18,61.65,62.0,68.28,100.0,77.73,63.88,65.25,71.94,100.0,79.82,65.73,68.07,75.18,100.0,81.14,66.82,77.06,81.33,99.99,69.27,56.48,79.2,83.16,99.99,72.58,59.37,80.97,84.81,100.0,75.15,61.62,82.46,86.29,100.0,77.2,63.41,82.21,85.83,99.99,70.78,57.8,83.94,87.32,99.99,73.27,59.98,85.34,88.57,99.99,75.31,61.76,86.49,89.66,100.0,77.01,63.25,79.97,83.99,99.99,67.66,55.08,74.46,79.22,99.98,64.85,52.62,61.87,67.41,99.99,71.08,58.06,66.52,72.11,99.99,75.31,61.76,64.53,70.02,99.99,72.94,59.69,73.34,80.22,100.0,81.71,67.3,43.66,50.41,98.85,60.88,49.28,49.04,55.22,99.97,67.02,54.52,72.72,77.77,99.87,63.1,51.15,75.18,79.67,99.99,68.2,55.55,82.05,86.74,100.0,80.64,66.41,83.09,88.02,100.0,81.68,67.28,83.73,87.64,100.0,78.88,64.88,84.84,88.87,100.0,80.29,66.12,85.8,89.97,100.0,81.27,66.93,63.29,70.16,98.19,51.98,41.81,70.55,78.05,100.0,82.22,67.73
7.545,43.19,19.32,33.94,78.52,64.56,70.42,75.72,99.99,67.33,54.78,73.49,78.17,99.99,72.11,58.96,67.12,73.31,99.95,61.1,49.47,33.45,14.39,19.3,64.43,52.25,48.09,30.96,99.65,80.23,66.06,61.46,67.58,99.99,75.59,61.99,64.96,72.15,100.0,79.66,65.55,67.65,76.01,100.0,82.03,67.57,69.02,75.12,100.0,78.59,64.62,76.78,81.03,99.99,71.88,58.76,78.28,82.44,100.0,74.9,61.39,68.8,74.52,99.99,64.31,52.16,71.99,76.93,99.99,69.94,57.06,71.12,77.97,100.0,80.97,66.68,72.9,80.47,100.0,82.48,67.95,79.58,83.81,100.0,77.23,63.43,80.75,85.16,100.0,79.1,65.07,65.29,71.96,99.68,56.96,45.99,74.93,79.37,100.0,73.95,60.56,69.45,76.34,100.0,80.47,66.27,67.16,73.16,100.0,77.35,63.54,71.52,79.29,100.0,82.27,67.77,65.02,70.56,99.99,74.98,61.46,68.03,73.92,100.0,77.96,64.07,70.67,77.01,100.0,80.27,66.1,53.43,59.38,99.99,71.52,58.44,57.73,63.72,99.99,74.99,61.48,61.5,67.74,100.0,77.59,63.75,64.77,71.38,100.0,79.62,65.52,67.6,74.64,100.0,81.11,66.8,76.77,81.09,99.99,68.95,56.2,78.92,82.92,99.99,72.33,59.15,80.71,84.56,100.0,74.95,61.44,82.22,86.03,100.0,77.05,63.27,81.89,85.56,99.99,70.5,57.55,83.67,87.08,99.99,73.04,59.77,85.09,88.34,99.99,75.12,61.59,86.26,89.44,100.0,76.86,63.1,79.61,83.69,99.99,67.31,54.76,74.15,78.98,99.97,64.43,52.25,61.53,67.09,99.99,70.8,57.81,66.25,71.78,99.99,75.12,61.59,64.29,69.76,99.99,72.7,59.47,72.99,79.8,100.0,81.68,67.28,43.26,50.06,98.53,60.49,48.95,48.59,54.8,99.96,66.66,54.2,72.44,77.57,99.82,62.76,50.86,74.96,79.49,99.99,67.85,55.24,81.84,86.48,100.0,80.62,66.39,82.87,87.75,100.0,81.65,67.25,83.5,87.39,100.0,78.76,64.77,84.62,88.62,100.0,80.26,66.09,85.59,89.73,100.0,81.24,66.91,63.0,69.87,97.78,51.68,41.57,70.09,77.52,100.0,82.19,67.7
7.022,42.92,19.14,31.63,78.41,64.46,70.15,75.52,99.99,66.99,54.48,73.2,77.92,99.99,71.87,58.74,66.89,73.15,99.94,60.74,49.16,33.07,14.08,17.76,64.26,52.12,47.76,30.49,99.5,80.21,66.05,61.17,67.25,99.99,75.41,61.84,64.7,71.8,100.0,79.57,65.47,67.4,75.65,100.0,82.02,67.56,68.78,74.81,100.0,78.48,64.51,76.59,80.86,99.99,71.64,58.53,78.09,82.26,100.0,74.71,61.22,68.55,74.34,99.99,64.01,51.91,71.7,76.7,99.99,69.66,56.8,70.9,77.65,100.0,80.95,66.67,72.68,80.16,100.0,82.47,67.93,79.39,83.61,100.0,77.1,63.31,80.56,84.94,100.0,79.0,64.97,65.07,71.79,99.6,56.5,45.6,74.62,79.11,99.99,73.74,60.37,69.24,76.03,100.0,80.45,66.25,66.95,72.88,100.0,77.22,63.41,71.29,78.96,100.0,82.26,67.76,64.69,70.22,99.99,74.8,61.3,67.7,73.54,100.0,77.84,63.96,70.34,76.62,100.0,80.25,66.08,52.97,58.93,99.99,71.27,58.22,57.26,63.23,99.99,74.81,61.31,61.03,67.23,100.0,77.47,63.63,64.31,70.87,100.0,79.53,65.43,67.16,74.12,100.0,81.1,66.79,76.5,80.86,99.99,68.65,55.92,78.66,82.69,99.99,72.09,58.93,80.46,84.33,100.0,74.77,61.27,81.98,85.8,100.0,76.91,63.14,81.58,85.3,99.99,70.22,57.3,83.4,86.84,99.99,72.82,59.57,84.86,88.13,99.99,74.94,61.42,86.05,89.24,100.0,76.71,62.97,79.26,83.41,99.99,66.97,54.46,73.85,78.75,99.97,64.26,52.12,61.22,66.8,99.98,70.53,57.57,65.96,71.48,99.99,74.94,61.42,64.06,69.53,99.99,72.47,59.26,72.66,79.4,100.0,81.67,67.27,42.88,49.73,98.17,60.11,48.64,48.17,54.42,99.95,66.31,53.88,72.18,77.37,99.76,62.43,50.58,74.75,79.33,99.99,67.52,54.94,81.65,86.24,100.0,80.6,66.37,82.67,87.5,100.0,81.64,67.24,83.28,87.15,100.0,78.66,64.67,84.41,88.38,100.0,80.24,66.07,85.39,89.5,100.0,81.23,66.9,62.72,69.58,97.33,51.26,41.22,69.66,77.02,100.0,82.18,67.69
6.536,42.66,18.98,29.54,77.16,63.29,69.91,75.33,99.99,66.66,54.18,72.92,77.69,99.99,71.64,58.53,66.68,72.99,99.92,60.38,48.86,32.71,13.8,16.4,63.98,51.88,47.45,30.04,99.32,80.0,65.84,60.9,66.93,99.99,75.25,61.68,64.46,71.47,100.0,79.48,65.38,67.17,75.32,100.0,82.01,67.55,68.55,74.52,100.0,78.37,64.41,76.42,80.7,99.99,71.4,58.32,77.92,82.08,99.99,74.53,61.06,68.32,74.17,99.99,63.72,51.66,71.44,76.5,99.99,69.38,56.56,70.69,77.36,100.0,80.94,66.66,72.47,79.86,100.0,82.46,67.93,79.22,83.42,100.0,76.96,63.18,80.38,84.73,100.0,78.91,64.88,64.83,71.59,99.5,56.06,45.23,74.34,78.87,99.99,73.55,60.19,69.04,75.74,100.0,80.44,66.24,66.75,72.63,100.0,77.09,63.29,71.07,78.65,100.0,82.25,67.75,64.38,69.9,99.99,74.62,61.14,67.39,73.18,100.0,77.73,63.85,70.02,76.25,100.0,80.05,65.88,52.54,58.5,99.99,71.03,58.0,56.81,62.77,99.99,74.64,61.15,60.58,66.74,100.0,77.34,63.51,63.87,70.38,100.0,79.45,65.35,66.73,73.63,100.0,81.09,66.78,76.24,80.64,99.99,68.35,55.66,78.41,82.47,99.99,71.87,58.73,80.22,84.1,100.0,74.59,61.11,81.76,85.58,100.0,76.77,63.02,81.28,85.06,99.99,69.96,57.06,83.13,86.62,99.99,72.61,59.37,84.62,87.92,99.99,74.77,61.26,85.84,89.04,100.0,76.57,62.84,78.93,83.15,99.99,66.64,54.16,73.57,78.53,99.96,63.98,51.88,60.93,66.53,99.98,70.27,57.33,65.69,71.19,99.99,74.77,61.26,63.84,69.3,99.99,72.25,59.06,72.34,79.03,100.0,81.66,67.26,42.53,49.43,97.76,59.75,48.33,47.77,54.06,99.93,65.97,53.58,71.94,77.19,99.69,62.11,50.31,74.54,79.17,99.99,67.21,54.65,81.46,86.02,100.0,80.59,66.36,82.48,87.27,100.0,81.63,67.23,83.07,86.93,100.0,78.56,64.57,84.21,88.16,100.0,80.04,65.87,85.2,89.28,100.0,81.22,66.89,62.43,69.23,96.83,50.86,40.89,69.25,76.54,100.0,82.17,67.69
6.083,42.42,18.84,27.67,78.21,64.26,69.67,75.16,99.99,66.35,53.9,72.66,77.48,99.99,71.42,58.33,66.47,72.85,99.9,60.04,48.57,32.37,13.53,15.2,63.72,51.65,47.16,29.62,99.09,79.94,65.77,60.64,66.64,99.99,75.09,61.54,64.24,71.15,100.0,79.41,65.31,66.95,75.0,100.0,82.01,67.55,68.33,74.25,100.0,78.28,64.32,76.25,80.55,99.99,71.17,58.11,77.76,81.92,99.99,74.36,60.9,68.11,74.01,99.98,63.45,51.43,71.19,76.31,99.99,69.12,56.32,70.49,77.08,100.0,80.95,66.66,72.27,79.58,100.0,82.46,67.93,79.05,83.25,100.0,76.84,63.06,80.22,84.54,100.0,78.82,64.79,64.61,71.39,99.4,55.63,44.86,74.07,78.65,99.99,73.36,60.02,68.85,75.47,100.0,80.25,66.04,66.56,72.38,100.0,76.97,63.18,70.86,78.35,100.0,82.25,67.75,64.1,69.6,99.99,74.46,60.98,67.1,72.84,100.0,77.62,63.74,69.73,75.89,100.0,79.99,65.81,52.14,58.1,99.99,70.8,57.79,56.4,62.34,99.99,74.47,61.0,60.16,66.28,100.0,77.23,63.4,63.45,69.91,100.0,79.37,65.28,66.33,73.17,100.0,81.09,66.78,75.99,80.44,99.99,68.07,55.4,78.17,82.27,99.99,71.65,58.53,80.0,83.89,99.99,74.43,60.96,81.54,85.37,100.0,76.65,62.9,81.01,84.83,99.99,69.7,56.83,82.88,86.4,99.99,72.4,59.19,84.4,87.72,99.99,74.61,61.11,85.64,88.85,99.99,76.44,62.72,78.62,82.9,99.99,66.33,53.88,73.31,78.33,99.94,63.71,51.65,60.65,66.28,99.97,70.03,57.11,65.44,70.92,99.99,74.6,61.11,63.64,69.09,99.99,72.03,58.86,72.05,78.67,100.0,81.66,67.26,42.2,49.14,97.3,59.4,48.03,47.4,53.72,99.91,65.65,53.29,71.71,77.02,99.61,61.8,50.05,74.35,79.02,99.98,66.9,54.38,81.29,85.81,100.0,80.59,66.36,82.3,87.05,100.0,81.63,67.23,82.87,86.71,100.0,78.46,64.48,84.02,87.95,100.0,79.97,65.8,85.02,89.07,100.0,81.22,66.89,62.16,68.89,96.28,50.47,40.57,68.86,76.09,100.0,82.18,67.69
5.662,42.2,18.7,25.97,78.11,64.17,69.45,75.0,99.99,66.05,53.63,72.42,77.28,99.99,71.2,58.13,66.27,72.7,99.88,59.71,48.29,32.06,13.29,14.14,63.46,51.44,46.88,29.22,98.82,79.87,65.7,60.4,66.36,99.99,74.95,61.4,64.02,70.86,100.0,79.33,65.23,66.74,74.7,100.0,82.02,67.55,68.12,73.99,100.0,78.18,64.23,76.07,80.41,99.99,70.95,57.91,77.6,81.76,99.99,74.2,60.75,67.9,73.87,99.98,63.18,51.2,70.96,76.13,99.99,68.86,56.09,70.3,76.81,100.0,80.96,66.66,72.08,79.31,100.0,82.47,67.93,78.9,83.08,100.0,76.72,62.95,80.06,84.36,100.0,78.74,64.71,64.4,71.21,99.27,55.22,44.51,73.82,78.44,99.99,73.18,59.86,68.67,75.21,100.0,80.19,65.98,66.39,72.16,100.0,76.85,63.06,70.67,78.07,100.0,82.26,67.76,63.82,69.32,99.99,74.3,60.83,66.83,72.52,100.0,77.51,63.64,69.45,75.56,100.0,79.92,65.75,51.75,57.73,99.99,70.58,57.59,56.0,61.93,99.99,74.32,60.85,59.77,65.84,100.0,77.12,63.3,63.06,69.48,100.0,79.3,65.2,65.95,72.74,100.0,81.1,66.79,75.74,80.24,99.99,67.8,55.15,77.95,82.07,99.99,71.44,58.34,79.79,83.7,99.99,74.27,60.81,81.34,85.17,100.0,76.53,62.78,80.74,84.61,99.99,69.46,56.61,82.65,86.2,99.99,72.21,59.01,84.18,87.53,99.99,74.45,60.97,85.44,88.67,99.99,76.32,62.6,78.31,82.64,99.98,66.03,53.61,73.05,78.13,99.93,63.44,51.42,60.39,66.04,99.96,69.79,56.9,65.21,70.67,99.99,74.45,60.97,63.44,68.89,99.99,71.83,58.68,71.77,78.33,100.0,81.67,67.27,41.89,48.87,96.79,59.06,47.74,47.05,53.41,99.89,65.34,53.01,71.47,76.84,99.51,61.51,49.8,74.16,78.87,99.98,66.61,54.12,81.13,85.62,100.0,80.38,66.15,82.14,86.84,100.0,81.64,67.24,82.68,86.51,100.0,78.37,64.39,83.83,87.75,100.0,79.91,65.74,84.85,88.87,100.0,81.23,66.89,61.91,68.58,95.7,50.1,40.26,68.49,75.66,100.0,82.19,67.69
5.269,42.0,18.57,24.45,78.02,64.08,69.25,74.84,99.99,65.76,53.36,72.19,77.1,99.99,71.0,57.95,66.09,72.56,99.86,59.39,48.02,31.75,13.06,13.2,63.21,51.23,46.63,28.86,98.52,79.81,65.64,60.18,66.1,99.99,74.8,61.27,63.82,70.58,100.0,79.26,65.16,66.54,74.42,100.0,82.04,67.57,67.92,73.74,100.0,78.09,64.14,75.91,80.27,99.99,70.74,57.72,77.45,81.62,99.99,74.05,60.61,67.71,73.73,99.97,62.93,50.98,70.74,75.97,99.99,68.62,55.87,70.11,76.57,100.0,80.97,66.68,71.91,79.06,100.0,82.49,67.94,78.75,82.92,100.0,76.61,62.85,79.91,84.19,100.0,78.66,64.64,64.21,71.03,99.14,54.82,44.18,73.58,78.24,99.99,73.01,59.7,68.5,74.98,100.0,80.13,65.93,66.22,71.95,99.99,76.74,62.96,70.49,77.82,100.0,82.28,67.77,63.57,69.07,99.99,74.15,60.7,66.56,72.24,100.0,77.41,63.55,69.19,75.25,100.0,79.86,65.69,51.39,57.4,99.99,70.37,57.39,55.62,61.56,99.99,74.17,60.71,59.39,65.43,100.0,77.01,63.2,62.69,69.06,100.0,79.23,65.14,65.59,72.33,100.0,81.12,66.8,75.51,80.06,99.99,67.54,54.92,77.73,81.89,99.99,71.24,58.16,79.59,83.51,99.99,74.11,60.67,81.15,84.98,100.0,76.41,62.67,80.48,84.4,99.99,69.23,56.4,82.43,86.01,99.99,72.02,58.84,83.98,87.35,99.99,74.3,60.83,85.26,88.5,99.99,76.2,62.49,78.0,82.4,99.98,65.74,53.35,72.81,77.95,99.91,63.2,51.21,60.14,65.82,99.95,69.56,56.69,64.97,70.43,99.99,74.3,60.83,63.26,68.71,99.98,71.64,58.5,71.51,78.01,100.0,81.69,67.28,41.61,48.62,96.24,58.74,47.47,46.72,53.11,99.86,65.04,52.74,71.24,76.68,99.4,61.22,49.55,73.98,78.73,99.97,66.33,53.86,80.98,85.44,100.0,80.33,66.1,81.98,86.65,100.0,81.66,67.25,82.49,86.32,100.0,78.29,64.31,83.66,87.56,100.0,79.85,65.68,84.68,88.69,100.0,81.25,66.91,61.64,68.25,95.08,49.74,39.96,68.13,75.26,100.0,82.2,67.71
4.904,41.78,18.43,23.07,77.94,64.0,69.06,74.7,99.99,65.48,53.11,71.97,76.92,99.99,70.81,57.77,65.91,72.43,99.83,59.09,47.76,31.45,12.84,12.36,62.98,51.03,46.39,28.52,98.17,79.76,65.59,59.95,65.85,99.99,74.67,61.15,63.62,70.32,100.0,79.2,65.1,66.35,74.15,100.0,82.06,67.58,67.73,73.51,100.0,78.01,64.07,75.76,80.15,99.99,70.55,57.54,77.3,81.49,99.99,73.9,60.47,67.54,73.61,99.97,62.68,50.78,70.54,75.81,99.99,68.39,55.66,69.94,76.34,100.0,80.77,66.47,71.73,78.82,100.0,82.51,67.96,78.61,82.78,100.0,76.5,62.75,79.77,84.03,100.0,78.58,64.56,64.03,70.87,98.99,54.44,43.85,73.36,78.05,99.99,72.85,59.55,68.34,74.76,100.0,80.08,65.87,66.05,71.76,99.99,76.64,62.86,70.32,77.59,100.0,82.3,67.78,63.33,68.83,99.99,74.0,60.56,66.31,71.97,99.99,77.32,63.46,68.94,74.96,100.0,79.81,65.64,51.06,57.08,99.99,70.17,57.21,55.27,61.21,99.99,74.03,60.58,59.04,65.05,100.0,76.92,63.11,62.35,68.67,100.0,79.17,65.07,65.25,71.93,100.0,81.15,66.82,75.3,79.89,99.99,67.29,54.7,77.52,81.72,99.99,71.05,57.98,79.39,83.34,99.99,73.97,60.53,80.97,84.81,100.0,76.3,62.57,80.23,84.19,99.99,69.01,56.2,82.21,85.83,99.99,71.84,58.67,83.79,87.18,99.99,74.16,60.7,85.08,88.33,99.99,76.09,62.38,77.71,82.17,99.98,65.46,53.1,72.59,77.77,99.89,62.96,51.01,59.91,65.61,99.94,69.35,56.5,64.75,70.2,99.99,74.16,60.7,63.08,68.54,99.98,71.45,58.33,71.26,77.71,100.0,81.72,67.3,41.33,48.38,95.66,58.43,47.21,46.42,52.85,99.82,64.96,52.69,71.03,76.52,99.28,60.95,49.32,73.81,78.6,99.97,66.06,53.62,80.84,85.26,100.0,80.28,66.05,81.83,86.47,100.0,81.68,67.27,82.32,86.14,100.0,78.21,64.24,83.49,87.38,100.0,79.8,65.62,84.52,88.51,100.0,81.27,66.93,61.38,67.9,94.43,49.39,39.67,67.8,74.87,100.0,82.23,67.72
4.565,41.57,18.3,21.84,77.9,63.95,68.88,74.58,99.99,65.24,52.9,71.77,76.76,99.99,70.65,57.63,65.75,72.31,99.8,58.82,47.53,31.17,12.64,11.62,62.78,50.85,46.15,28.19,97.79,79.75,65.57,59.74,65.62,99.99,74.58,61.05,63.44,70.07,100.0,79.18,65.07,66.18,73.9,100.0,82.13,67.64,67.54,73.3,100.0,77.97,64.02,75.62,80.03,99.99,70.39,57.39,77.17,81.37,99.99,73.8,60.37,67.37,73.49,99.96,62.47,50.59,70.35,75.67,99.99,68.2,55.48,69.77,76.12,100.0,80.77,66.46,71.57,78.6,100.0,82.57,68.01,78.48,82.65,100.0,76.44,62.68,79.64,83.88,100.0,78.55,64.53,63.86,70.71,98.83,54.09,43.56,73.15,77.88,99.99,72.73,59.44,68.19,74.55,100.0,80.08,65.86,65.9,71.58,99.99,76.57,62.8,70.16,77.36,100.0,82.36,67.84,63.1,68.61,99.99,73.9,60.46,66.08,71.72,99.99,77.27,63.41,68.71,74.69,100.0,79.8,65.62,50.74,56.79,99.99,70.0,57.06,54.94,60.88,99.99,73.92,60.48,58.7,64.71,100.0,76.86,63.05,62.02,68.3,100.0,79.15,65.05,64.93,71.56,100.0,80.98,66.64,75.09,79.72,99.99,67.08,54.5,77.33,81.55,99.99,70.9,57.84,79.2,83.17,99.99,73.87,60.43,80.8,84.64,100.0,76.24,62.5,79.98,84.0,99.99,68.83,56.03,81.99,85.65,99.99,71.7,58.54,83.6,87.02,99.99,74.06,60.6,84.92,88.18,99.99,76.02,62.31,77.43,81.95,99.98,65.22,52.88,72.37,77.61,99.87,62.75,50.83,59.69,65.42,99.93,69.17,56.33,64.53,69.99,99.99,74.06,60.6,62.9,68.37,99.97,71.31,58.2,71.03,77.43,100.0,81.79,67.35,41.07,48.16,95.05,58.15,46.97,46.13,52.6,99.78,64.79,52.54,70.83,76.38,99.14,60.71,49.12,73.66,78.48,99.96,65.83,53.41,80.7,85.1,100.0,80.28,66.04,81.7,86.3,100.0,81.75,67.32,82.16,85.97,100.0,78.17,64.19,83.34,87.21,100.0,79.79,65.6,84.37,88.34,100.0,81.35,66.98,61.13,67.57,93.76,49.07,39.41,67.49,74.51,100.0,82.29,67.78
4.248,41.37,18.17,20.72,77.75,63.82,68.72,74.46,99.99,65.15,52.84,71.59,76.61,99.99,70.42,57.42,65.6,72.19,99.77,58.5,47.26,30.92,12.46,10.96,62.52,50.64,45.93,27.88,97.38,79.62,65.46,59.53,65.4,99.99,74.39,60.89,63.26,69.84,100.0,79.05,64.96,66.01,73.66,100.0,82.08,67.6,67.38,73.1,100.0,77.83,63.89,75.48,79.92,99.99,70.15,57.19,77.04,81.26,99.99,73.6,60.2,67.22,73.38,99.96,62.21,50.37,70.17,75.53,99.99,67.94,55.25,69.61,75.91,100.0,80.66,66.36,71.42,78.39,100.0,82.53,67.98,78.36,82.52,100.0,76.28,62.54,79.52,83.75,100.0,78.42,64.41,63.7,70.57,98.67,53.71,43.24,72.96,77.72,99.99,72.52,59.25,68.05,74.35,100.0,79.96,65.75,65.76,71.41,99.99,76.41,62.66,70.02,77.16,100.0,82.32,67.8,62.89,68.4,99.99,73.71,60.29,65.86,71.48,99.99,77.12,63.27,68.48,74.44,100.0,79.68,65.51,50.44,56.52,99.99,69.77,56.85,54.63,60.57,99.99,73.73,60.31,58.38,64.38,100.0,76.71,62.91,61.7,67.96,100.0,79.02,64.93,64.62,71.22,100.0,80.87,66.55,74.9,79.57,99.99,66.8,54.26,77.15,81.4,99.99,70.67,57.64,79.03,83.02,99.99,73.68,60.26,80.63,84.48,100.0,76.07,62.36,79.75,83.81,99.99,68.57,55.81,81.79,85.48,99.99,71.49,58.35,83.42,86.86,99.99,73.87,60.43,84.76,88.03,99.99,75.85,62.16,77.18,81.74,99.97,65.14,52.83,72.17,77.45,99.84,62.49,50.61,59.49,65.24,99.91,68.92,56.11,64.34,69.79,99.99,73.87,60.43,62.74,68.22,99.96,71.08,58.0,70.81,77.17,100.0,81.74,67.31,40.83,47.95,94.41,57.83,46.7,45.87,52.36,99.74,64.56,52.35,70.64,76.24,98.99,60.42,48.87,73.5,78.36,99.95,65.54,53.15,80.58,84.95,100.0,80.16,65.93,81.57,86.14,100.0,81.71,67.28,82.0,85.82,100.0,78.03,64.07,83.19,87.05,100.0,79.67,65.5,84.23,88.19,100.0,81.05,66.7,60.89,67.26,93.08,48.73,39.13,67.2,74.16,100.0,82.25,67.74
3.954,41.19,18.06,19.71,77.62,63.7,68.57,74.35,99.99,64.94,52.66,71.41,76.48,99.99,70.21,57.23,65.46,72.08,99.73,58.21,47.01,30.68,12.29,10.37,62.28,50.43,45.72,27.59,96.94,79.51,65.36,59.35,65.2,99.99,74.22,60.74,63.1,69.62,100.0,78.93,64.85,65.86,73.44,100.0,82.04,67.57,67.22,72.91,100.0,77.7,63.77,75.36,79.82,99.99,69.93,56.99,76.92,81.15,99.99,73.42,60.04,67.07,73.28,99.95,61.96,50.16,70.01,75.41,99.99,67.69,55.03,69.47,75.72,100.0,80.56,66.27,71.28,78.2,100.0,82.49,67.95,78.24,82.4,100.0,76.13,62.4,79.4,83.62,100.0,78.29,64.29,63.54,70.41,98.49,53.35,42.93,72.77,77.57,99.99,72.33,59.08,67.92,74.17,100.0,79.85,65.65,65.63,71.25,99.99,76.26,62.52,69.88,76.96,100.0,82.28,67.77,62.69,68.21,99.99,73.53,60.13,65.66,71.26,99.99,76.98,63.15,68.28,74.2,100.0,79.57,65.41,50.17,56.27,99.99,69.55,56.65,54.34,60.28,99.99,73.56,60.16,58.08,64.08,100.0,76.56,62.78,61.4,67.63,100.0,78.9,64.82,64.33,70.89,100.0,80.77,66.46,74.72,79.43,99.98,66.55,54.03,76.97,81.26,99.99,70.46,57.45,78.86,82.87,99.99,73.49,60.1,80.47,84.34,100.0,75.92,62.22,79.54,83.63,99.99,68.34,55.6,81.59,85.32,99.99,71.28,58.17,83.24,86.71,99.99,73.69,60.27,84.6,87.89,99.99,75.69,62.02,76.93,81.55,99.97,64.93,52.66,71.97,77.31,99.81,62.25,50.4,59.29,65.07,99.89,68.69,55.9,64.15,69.61,99.99,73.69,60.27,62.59,68.08,99.95,70.87,57.81,70.6,76.93,100.0,81.7,67.28,40.6,47.75,93.76,57.53,46.44,45.62,52.14,99.68,64.34,52.16,70.45,76.1,98.83,60.15,48.64,73.34,78.24,99.94,65.42,53.07,80.46,84.82,100.0,80.06,65.83,81.45,86.0,100.0,81.67,67.25,81.85,85.67,100.0,77.9,63.95,83.05,86.9,100.0,79.55,65.39,84.1,88.04,100.0,80.95,66.61,60.68,66.97,92.38,48.41,38.86,66.92,73.84,100.0,82.21,67.71
3.68,41.02,17.95,18.8,77.49,63.59,68.42,74.24,99.99,64.74,52.49,71.25,76.36,99.99,70.0,57.04,65.32,71.98,99.69,57.92,46.77,30.45,12.13,9.85,62.05,50.24,45.53,27.32,96.48,79.4,65.26,59.17,65.01,99.99,74.06,60.59,62.95,69.42,100.0,78.82,64.75,65.71,73.23,100.0,82.01,67.54,67.06,72.72,99.99,77.57,63.66,75.24,79.72,99.99,69.72,56.8,76.81,81.05,99.99,73.25,59.88,66.94,73.18,99.94,61.72,49.96,69.86,75.3,99.99,67.46,54.82,69.33,75.54,100.0,80.46,66.18,71.15,78.01,100.0,82.46,67.92,78.13,82.3,100.0,75.99,62.27,79.29,83.5,100.0,78.17,64.18,63.37,70.25,98.3,53.0,42.64,72.6,77.43,99.99,72.15,58.92,67.8,74.0,100.0,79.74,65.56,65.5,71.11,99.99,76.12,62.39,69.75,76.77,100.0,82.25,67.74,62.5,68.02,99.99,73.36,59.98,65.46,71.05,99.99,76.85,63.03,68.08,73.97,100.0,79.46,65.31,49.91,56.03,99.98,69.34,56.46,54.06,60.01,99.99,73.39,60.01,57.8,63.79,99.99,76.43,62.66,61.12,67.33,100.0,78.79,64.72,64.06,70.59,100.0,80.68,66.37,74.55,79.29,99.98,66.3,53.81,76.81,81.12,99.99,70.26,57.27,78.71,82.74,99.99,73.32,59.95,80.32,84.2,100.0,75.78,62.09,79.33,83.47,99.99,68.11,55.4,81.41,85.17,99.99,71.09,58.0,83.08,86.57,99.99,73.52,60.12,84.45,87.76,99.99,75.55,61.89,76.7,81.36,99.96,64.73,52.49,71.79,77.17,99.78,62.01,50.21,59.11,64.91,99.87,68.47,55.71,63.98,69.44,99.99,73.52,60.12,62.45,67.95,99.94,70.68,57.63,70.4,76.7,100.0,81.67,67.25,40.39,47.57,93.09,57.24,46.2,45.38,51.94,99.63,64.14,51.99,70.27,75.96,98.66,59.89,48.43,73.2,78.14,99.93,65.23,52.91,80.35,84.69,100.0,79.96,65.74,81.33,85.86,100.0,81.63,67.22,81.71,85.53,100.0,77.78,63.84,82.92,86.76,100.0,79.45,65.3,83.97,87.9,100.0,80.86,66.53,60.45,66.65,91.67,48.1,38.61,66.65,73.54,100.0,82.18,67.68
3.425,40.86,17.85,17.98,77.37,63.48,68.29,74.14,99.99,64.55,52.33,71.1,76.24,99.99,69.81,56.87,65.2,71.89,99.65,57.65,46.54,30.24,11.98,9.37,61.83,50.06,45.34,27.07,96.01,79.3,65.17,59.0,64.83,99.99,73.91,60.45,62.8,69.23,100.0,78.71,64.65,65.58,73.03,100.0,81.98,67.51,66.91,72.55,99.99,77.45,63.55,75.13,79.63,99.99,69.53,56.63,76.7,80.96,99.99,73.09,59.74,66.81,73.09,99.93,61.49,49.77,69.71,75.19,99.99,67.24,54.63,69.21,75.37,100.0,80.37,66.1,71.03,77.84,100.0,82.43,67.89,78.03,82.19,99.99,75.85,62.15,79.19,83.39,100.0,78.06,64.08,63.22,70.1,98.11,52.85,42.52,72.44,77.3,99.99,71.97,58.77,67.68,73.85,100.0,79.65,65.47,65.38,70.97,99.99,75.99,62.27,69.63,76.6,100.0,82.22,67.72,62.32,67.85,99.99,73.2,59.84,65.28,70.85,99.99,76.72,62.92,67.9,73.76,100.0,79.36,65.22,49.67,55.8,99.98,69.14,56.29,53.81,59.76,99.99,73.23,59.86,57.54,63.52,99.99,76.3,62.54,60.86,67.05,100.0,78.68,64.63,63.8,70.3,100.0,80.59,66.3,74.39,79.17,99.98,66.07,53.61,76.66,80.99,99.99,70.07,57.1,78.56,82.61,99.99,73.17,59.81,80.18,84.07,100.0,75.64,61.97,79.14,83.31,99.99,67.9,55.21,81.24,85.02,99.99,70.91,57.83,82.93,86.44,99.99,73.36,59.98,84.31,87.64,99.99,75.41,61.77,76.49,81.19,99.96,64.54,52.32,71.62,77.04,99.74,61.79,50.02,58.94,64.76,99.84,68.26,55.52,63.81,69.27,99.99,73.36,59.98,62.31,67.82,99.92,70.49,57.47,70.22,76.48,100.0,81.64,67.23,40.19,47.39,92.41,56.97,45.97,45.16,51.74,99.57,63.94,51.82,70.1,75.83,98.48,59.65,48.22,73.07,78.04,99.91,65.04,52.75,80.24,84.57,100.0,79.86,65.66,81.23,85.73,100.0,81.6,67.2,81.58,85.4,100.0,77.66,63.74,82.79,86.63,100.0,79.35,65.21,83.85,87.77,100.0,80.77,66.45,60.21,66.3,90.97,47.81,38.36,66.4,73.25,100.0,82.15,67.66
3.188,40.71,17.76,17.24,77.26,63.38,68.16,74.05,99.98,64.37,52.18,70.95,76.13,99.99,69.62,56.71,65.08,71.8,99.6,57.4,46.33,30.05,11.84,8.95,61.63,49.88,45.17,26.84,95.52,79.21,65.09,58.85,64.67,99.99,73.76,60.33,62.66,69.06,100.0,78.61,64.56,65.45,72.85,100.0,81.96,67.49,66.77,72.39,99.99,77.34,63.45,75.02,79.54,99.99,69.34,56.46,76.61,80.87,99.99,72.94,59.6,66.69,73.01,99.93,61.28,49.59,69.58,75.09,99.99,67.03,54.44,69.09,75.21,100.0,80.29,66.03,70.91,77.67,100.0,82.41,67.87,77.93,82.1,99.99,75.73,62.04,79.09,83.29,100.0,77.95,63.99,63.08,69.95,97.91,52.63,42.33,72.29,77.18,99.99,71.81,58.62,67.57,73.7,100.0,79.56,65.39,65.27,70.84,99.99,75.87,62.16,69.52,76.44,100.0,82.2,67.7,62.16,67.69,99.99,73.05,59.71,65.11,70.67,99.99,76.61,62.81,67.73,73.57,100.0,79.27,65.14,49.44,55.59,99.98,68.95,56.12,53.57,59.52,99.99,73.08,59.73,57.29,63.26,99.99,76.18,62.44,60.62,66.78,100.0,78.59,64.54,63.56,70.03,100.0,80.51,66.22,74.24,79.05,99.98,65.85,53.41,76.52,80.87,99.99,69.89,56.94,78.43,82.49,99.99,73.01,59.67,80.05,83.95,99.99,75.51,61.85,78.96,83.17,99.99,67.7,55.03,81.08,84.89,99.99,70.74,57.68,82.78,86.32,99.99,73.22,59.85,84.18,87.52,99.99,75.28,61.65,76.28,81.03,99.95,64.36,52.17,71.46,76.92,99.71,61.58,49.84,58.78,64.62,99.82,68.07,55.35,63.64,69.11,99.99,73.22,59.85,62.19,67.71,99.91,70.31,57.31,70.05,76.28,100.0,81.34,66.95,40.01,47.23,91.73,56.71,45.75,44.96,51.56,99.51,63.76,51.67,69.94,75.71,98.29,59.41,48.02,72.94,77.94,99.9,64.87,52.6,80.15,84.46,100.0,79.77,65.58,81.13,85.61,100.0,81.29,66.9,81.45,85.28,100.0,77.55,63.64,82.67,86.51,100.0,79.25,65.12,83.74,87.64,100.0,80.69,66.38,59.99,65.97,90.26,47.53,38.13,66.16,72.98,100.0,82.13,67.64
2.967,40.57,17.67,16.57,77.16,63.29,68.04,73.97,99.98,64.2,52.04,70.82,76.03,99.99,69.45,56.56,64.96,71.71,99.56,57.16,46.12,29.87,11.72,8.57,61.44,49.72,45.02,26.62,95.02,79.13,65.01,58.7,64.51,99.98,73.63,60.21,62.53,68.89,100.0,78.52,64.48,65.33,72.68,100.0,81.94,67.47,66.64,72.24,99.99,77.24,63.36,74.92,79.46,99.99,69.17,56.31,76.51,80.79,99.99,72.8,59.48,66.58,72.93,99.92,61.08,49.42,69.45,74.99,99.99,66.84,54.27,68.97,75.06,100.0,80.21,65.96,70.8,77.52,100.0,82.39,67.86,77.84,82.01,99.99,75.61,61.94,79.0,83.19,100.0,77.86,63.9,62.95,69.82,97.7,52.41,42.16,72.15,77.07,99.99,71.66,58.49,67.47,73.57,100.0,79.47,65.31,65.16,70.72,99.99,75.75,62.06,69.41,76.28,100.0,82.18,67.68,62.0,67.54,99.99,72.91,59.58,64.96,70.5,99.99,76.5,62.71,67.57,73.38,100.0,79.19,65.06,49.23,55.4,99.97,68.78,55.96,53.35,59.29,99.99,72.94,59.61,57.06,63.03,99.99,76.07,62.34,60.39,66.53,100.0,78.5,64.46,63.33,69.78,100.0,80.44,66.16,74.09,78.94,99.97,65.65,53.23,76.38,80.76,99.99,69.72,56.79,78.3,82.38,99.99,72.87,59.55,79.93,83.83,99.99,75.39,61.75,78.79,83.03,99.99,67.51,54.86,80.93,84.77,99.99,70.58,57.54,82.65,86.2,99.99,73.08,59.72,84.05,87.41,99.99,75.16,61.54,76.09,80.88,99.95,64.19,52.03,71.31,76.8,99.67,61.38,49.68,58.63,64.5,99.79,67.88,55.18,63.49,68.96,99.99,73.08,59.72,62.07,67.6,99.89,70.15,57.16,69.89,76.08,100.0,81.27,66.89,39.84,47.08,91.05,56.46,45.54,44.77,51.39,99.44,63.58,51.52,69.79,75.6,98.09,59.19,47.84,72.83,77.86,99.88,64.7,52.46,80.06,84.35,100.0,79.69,65.5,81.03,85.5,100.0,81.22,66.84,81.34,85.17,100.0,77.45,63.55,82.56,86.39,100.0,79.17,65.04,83.63,87.53,100.0,80.62,66.31,59.78,65.66,89.57,47.26,37.92,65.94,72.73,100.0,82.11,67.62
2.762,40.44,17.59,15.95,77.06,63.2,67.93,73.89,99.98,64.04,51.9,70.7,75.93,99.99,69.29,56.41,64.85,71.61,99.51,56.93,45.93,29.69,11.59,8.23,61.25,49.56,44.87,26.42,94.51,79.05,64.94,58.57,64.36,99.98,73.5,60.09,62.4,68.74,100.0,78.43,64.4,65.21,72.52,100.0,81.92,67.46,66.52,72.1,99.99,77.14,63.27,74.82,79.39,99.99,69.01,56.16,76.43,80.71,99.99,72.66,59.36,66.48,72.85,99.91,60.89,49.26,69.33,74.91,99.99,66.66,54.11,68.86,74.92,100.0,80.14,65.89,70.7,77.38,100.0,82.38,67.84,77.76,81.92,99.99,75.5,61.84,78.92,83.1,100.0,77.77,63.82,62.82,69.69,97.5,52.21,42.0,72.02,76.96,99.99,71.52,58.36,67.37,73.44,100.0,79.4,65.24,65.06,70.61,99.99,75.64,61.96,69.32,76.14,100.0,82.16,67.66,61.86,67.4,99.99,72.78,59.46,64.81,70.34,99.99,76.4,62.62,67.42,73.2,100.0,79.11,64.99,49.03,55.21,99.97,68.61,55.82,53.14,59.08,99.99,72.81,59.49,56.85,62.8,99.99,75.96,62.24,60.17,66.29,100.0,78.41,64.38,63.12,69.54,100.0,80.37,66.09,73.96,78.83,99.97,65.64,53.24,76.26,80.66,99.99,69.56,56.65,78.18,82.27,99.99,72.74,59.43,79.82,83.73,99.99,75.28,61.65,78.63,82.9,99.99,67.34,54.7,80.78,84.65,99.99,70.43,57.4,82.52,86.09,99.99,72.95,59.61,83.94,87.31,99.99,75.05,61.44,75.91,80.73,99.94,64.03,51.9,71.17,76.7,99.62,61.2,49.52,58.49,64.38,99.76,67.71,55.03,63.34,68.82,99.99,72.95,59.61,61.96,67.5,99.87,69.99,57.02,69.74,75.9,100.0,81.21,66.83,39.68,46.95,90.37,56.23,45.35,44.59,51.23,99.37,63.42,51.38,69.65,75.49,97.89,58.99,47.66,72.71,77.77,99.87,64.55,52.33,79.97,84.26,100.0,79.62,65.43,80.95,85.4,100.0,81.16,66.78,81.23,85.06,100.0,77.36,63.46,82.45,86.28,100.0,79.09,64.97,83.53,87.42,100.0,80.55,66.25,59.58,65.37,88.88,47.01,37.71,65.73,72.49,100.0,82.09,67.61
2.57,40.32,17.51,15.4,76.97,63.12,67.83,73.81,99.98,63.89,51.77,70.58,75.84,99.99,69.14,56.28,64.74,71.51,99.46,56.71,45.75,29.53,11.48,7.92,61.08,49.42,44.73,26.23,94.01,78.97,64.87,58.44,64.23,99.98,73.39,59.99,62.28,68.59,100.0,78.35,64.33,65.11,72.36,100.0,81.91,67.45,66.41,71.97,99.99,77.06,63.19,74.73,79.31,99.99,68.85,56.03,76.35,80.64,99.99,72.54,59.25,66.38,72.78,99.89,60.71,49.11,69.22,74.82,99.99,66.48,53.96,68.76,74.79,100.0,80.08,65.83,70.61,77.24,100.0,82.36,67.83,77.68,81.84,99.99,75.4,61.74,78.84,83.02,100.0,77.68,63.74,62.7,69.55,97.29,52.03,41.84,71.9,76.86,99.99,71.39,58.24,67.28,73.32,100.0,79.32,65.18,64.96,70.5,99.99,75.54,61.87,69.22,76.01,100.0,82.15,67.65,61.72,67.27,99.99,72.66,59.35,64.67,70.19,99.99,76.3,62.54,67.28,73.04,100.0,79.03,64.92,48.85,55.04,99.97,68.46,55.68,52.94,58.89,99.99,72.69,59.38,56.64,62.59,99.99,75.87,62.15,59.97,66.07,100.0,78.33,64.31,62.92,69.32,100.0,80.31,66.03,73.83,78.73,99.97,65.5,53.13,76.14,80.56,99.99,69.41,56.52,78.07,82.17,99.99,72.62,59.32,79.71,83.62,99.99,75.18,61.55,78.47,82.78,99.99,67.17,54.56,80.65,84.54,99.99,70.28,57.28,82.4,85.99,99.99,72.83,59.5,83.83,87.22,99.99,74.94,61.35,75.72,80.59,99.94,63.88,51.77,71.03,76.59,99.58,61.02,49.37,58.36,64.27,99.73,67.55,54.89,63.2,68.69,99.99,72.83,59.5,61.85,67.4,99.85,69.85,56.89,69.6,75.73,100.0,81.16,66.78,39.52,46.81,89.71,56.01,45.16,44.42,51.09,99.3,63.27,51.25,69.52,75.39,97.69,58.79,47.49,72.6,77.69,99.85,64.4,52.21,79.89,84.16,100.0,79.55,65.37,80.87,85.3,100.0,81.1,66.73,81.13,84.96,100.0,77.27,63.38,82.36,86.18,100.0,79.01,64.91,83.43,87.32,100.0,80.49,66.19,59.4,65.09,88.21,46.78,37.52,65.54,72.27,100.0,82.08,67.6
2.392,40.2,17.43,14.88,76.89,63.04,67.74,73.75,99.98,63.75,51.65,70.47,75.76,99.99,69.0,56.15,64.64,71.42,99.41,56.51,45.58,29.37,11.38,7.64,60.92,49.28,44.6,26.05,93.51,78.9,64.81,58.31,64.1,99.98,73.28,59.89,62.17,68.46,99.99,78.28,64.26,65.01,72.22,100.0,81.61,67.17,66.3,71.84,99.99,76.97,63.12,74.64,79.25,99.99,68.71,55.9,76.27,80.57,99.99,72.42,59.14,66.28,72.7,99.88,60.54,48.96,69.12,74.75,99.99,66.32,53.81,68.66,74.66,100.0,80.01,65.78,70.52,77.12,100.0,82.36,67.83,77.61,81.77,99.99,75.3,61.66,78.77,82.94,100.0,77.6,63.67,62.57,69.4,97.08,51.85,41.69,71.78,76.77,99.99,71.26,58.13,67.2,73.21,100.0,79.26,65.12,64.87,70.4,99.99,75.45,61.78,69.14,75.89,100.0,82.14,67.65,61.6,67.15,99.99,72.55,59.25,64.54,70.06,99.99,76.22,62.46,67.14,72.89,100.0,78.97,64.86,48.68,54.88,99.96,68.31,55.55,52.76,58.71,99.99,72.58,59.28,56.46,62.4,99.99,75.78,62.07,59.78,65.86,100.0,78.26,64.24,62.74,69.11,100.0,80.25,65.98,73.71,78.64,99.96,65.37,53.02,76.02,80.47,99.99,69.28,56.39,77.96,82.08,99.99,72.51,59.21,79.61,83.53,99.99,75.08,61.47,78.32,82.65,99.98,67.02,54.42,80.52,84.43,99.99,70.15,57.16,82.28,85.89,99.99,72.71,59.4,83.73,87.12,99.99,74.85,61.26,75.55,80.45,99.93,63.74,51.65,70.9,76.5,99.54,60.86,49.23,58.24,64.16,99.7,67.4,54.75,63.08,68.57,99.98,72.71,59.4,61.74,67.31,99.83,69.71,56.77,69.46,75.58,100.0,81.1,66.73,39.38,46.68,89.06,55.81,44.99,44.27,50.95,99.22,63.12,51.13,69.4,75.3,97.48,58.61,47.34,72.49,77.61,99.83,64.27,52.09,79.82,84.08,100.0,79.48,65.31,80.79,85.21,100.0,81.05,66.68,81.03,84.86,100.0,77.19,63.31,82.27,86.08,100.0,78.95,64.84,83.35,87.22,100.0,80.43,66.14,59.23,64.84,87.56,46.56,37.33,65.36,72.06,100.0,82.07,67.59
2.227,40.08,17.35,14.41,76.81,62.97,67.65,73.68,99.97,63.61,51.54,70.37,75.68,99.99,68.87,56.04,64.55,71.34,99.36,56.32,45.42,29.23,11.28,7.38,60.77,49.15,44.48,25.89,93.02,78.84,64.75,58.18,63.98,99.97,73.18,59.8,62.07,68.33,99.99,78.21,64.2,64.91,72.09,100.0,81.57,67.13,66.2,71.73,99.99,76.9,63.05,74.56,79.19,99.99,68.58,55.78,76.2,80.51,99.99,72.32,59.05,66.19,72.64,99.87,60.38,48.83,69.03,74.68,99.99,66.17,53.68,68.57,74.55,100.0,79.96,65.73,70.44,77.0,100.0,82.35,67.82,77.54,81.7,99.99,75.22,61.58,78.7,82.87,100.0,77.53,63.6,62.46,69.26,96.88,51.68,41.55,71.68,76.68,99.99,71.15,58.03,67.12,73.11,100.0,79.2,65.06,64.79,70.31,99.99,75.36,61.71,69.06,75.77,100.0,82.14,67.64,61.48,67.04,99.99,72.44,59.16,64.41,69.93,99.99,76.14,62.38,67.02,72.74,100.0,78.9,64.8,48.52,54.73,99.96,68.18,55.43,52.58,58.54,99.99,72.48,59.19,56.28,62.22,99.99,75.69,62.0,59.61,65.66,100.0,78.19,64.18,62.56,68.91,100.0,80.2,65.93,73.6,78.55,99.96,65.26,52.92,75.92,80.38,99.99,69.15,56.28,77.86,81.99,99.99,72.4,59.12,79.51,83.44,99.99,75.0,61.39,78.17,82.54,99.98,66.87,54.29,80.39,84.32,99.99,70.03,57.05,82.17,85.79,99.99,72.61,59.3,83.62,87.04,99.99,74.75,61.18,75.39,80.32,99.92,63.61,51.54,70.79,76.41,99.49,60.7,49.1,58.12,64.07,99.67,67.26,54.62,62.96,68.45,99.98,72.61,59.3,61.64,67.22,99.8,69.59,56.66,69.34,75.43,100.0,81.06,66.68,39.24,46.55,88.43,55.61,44.83,44.12,50.82,99.14,62.99,51.01,69.28,75.21,97.28,58.43,47.19,72.4,77.53,99.81,64.14,51.98,79.75,84.0,100.0,79.42,65.26,80.72,85.12,100.0,81.0,66.63,80.94,84.78,100.0,77.12,63.24,82.18,85.99,100.0,78.88,64.79,83.26,87.13,100.0,80.38,66.09,59.07,64.6,86.92,46.35,37.16,65.18,71.86,100.0,82.07,67.58
2.072,39.98,17.28,13.99,76.74,62.91,67.56,73.62,99.97,63.49,51.44,70.28,75.61,99.99,68.75,55.93,64.46,71.26,99.31,56.14,45.26,29.1,11.19,7.15,60.62,49.03,44.35,25.73,92.53,78.78,64.7,58.07,63.86,99.97,73.08,59.71,61.98,68.22,99.99,78.15,64.14,64.82,71.96,100.0,81.53,67.09,66.09,71.62,99.99,76.83,62.99,74.49,79.13,99.98,68.45,55.67,76.12,80.45,99.99,72.22,58.96,66.11,72.58,99.86,60.23,48.7,68.94,74.62,99.99,66.03,53.55,68.48,74.44,100.0,79.91,65.68,70.36,76.89,100.0,82.35,67.82,77.47,81.64,99.99,75.13,61.51,78.64,82.8,100.0,77.47,63.54,62.35,69.13,96.67,51.52,41.43,71.58,76.61,99.99,71.04,57.93,67.05,73.01,100.0,79.14,65.01,64.72,70.22,99.99,75.28,61.63,68.98,75.66,100.0,82.13,67.64,61.37,66.93,99.98,72.34,59.07,64.3,69.81,99.99,76.06,62.32,66.91,72.61,100.0,78.85,64.75,48.37,54.6,99.96,68.06,55.32,52.42,58.38,99.99,72.38,59.1,56.11,62.04,99.99,75.62,61.93,59.44,65.48,100.0,78.13,64.13,62.4,68.73,100.0,80.15,65.89,73.5,78.47,99.95,65.15,52.83,75.81,80.3,99.99,69.03,56.17,77.76,81.91,99.99,72.3,59.03,79.42,83.36,99.99,74.91,61.31,78.04,82.43,99.98,66.74,54.17,80.26,84.22,99.99,69.92,56.95,82.06,85.7,99.99,72.51,59.21,83.53,86.95,99.99,74.67,61.1,75.24,80.2,99.92,63.49,51.44,70.67,76.33,99.44,60.56,48.98,58.01,63.98,99.63,67.12,54.51,62.85,68.35,99.98,72.51,59.21,61.55,67.14,99.78,69.47,56.55,69.23,75.29,100.0,81.01,66.64,39.12,46.44,87.81,55.43,44.67,43.98,50.7,99.07,62.86,50.91,69.17,75.12,97.07,58.27,47.05,72.31,77.46,99.79,64.02,51.88,79.68,83.92,100.0,79.37,65.21,80.65,85.04,100.0,80.95,66.59,80.85,84.69,100.0,77.05,63.18,82.1,85.91,100.0,78.83,64.73,83.19,87.04,100.0,80.33,66.05,58.9,64.33,86.31,46.15,36.99,65.03,71.68,100.0,81.8,67.33
1.929,39.88,17.21,13.6,76.68,62.85,67.49,73.57,99.97,63.38,51.34,70.19,75.55,99.99,68.64,55.82,64.38,71.19,99.26,55.97,45.12,28.97,11.11,6.94,60.49,48.92,44.24,25.58,92.06,78.73,64.65,57.96,63.76,99.96,72.99,59.63,61.89,68.11,99.99,78.1,64.09,64.74,71.85,100.0,81.49,67.06,66.0,71.52,99.99,76.76,62.93,74.42,79.07,99.98,68.34,55.56,76.06,80.39,99.99,72.12,58.87,66.03,72.52,99.85,60.09,48.59,68.86,74.56,99.99,65.9,53.44,68.4,74.34,100.0,79.86,65.64,70.28,76.79,100.0,82.35,67.82,77.41,81.58,99.99,75.06,61.44,78.57,82.74,100.0,77.4,63.49,62.25,69.0,96.47,51.38,41.3,71.49,76.54,99.99,70.94,57.84,66.98,72.92,100.0,79.09,64.96,64.64,70.14,99.99,75.21,61.57,68.91,75.56,100.0,82.13,67.64,61.26,66.84,99.98,72.25,58.98,64.19,69.7,99.99,75.99,62.25,66.8,72.49,100.0,78.79,64.7,48.23,54.47,99.95,67.94,55.21,52.27,58.24,99.99,72.29,59.02,55.96,61.89,99.99,75.54,61.86,59.29,65.31,100.0,78.08,64.08,62.25,68.55,100.0,80.1,65.85,73.4,78.4,99.95,65.04,52.74,75.72,80.22,99.99,68.91,56.07,77.67,81.84,99.99,72.21,58.95,79.33,83.28,99.99,74.84,61.24,77.91,82.33,99.98,66.61,54.06,80.15,84.13,99.99,69.81,56.85,81.96,85.62,99.99,72.42,59.13,83.43,86.88,99.99,74.59,61.03,75.09,80.09,99.91,63.37,51.34,70.57,76.25,99.4,60.42,48.86,57.91,63.89,99.6,67.0,54.4,62.74,68.25,99.98,72.42,59.13,61.46,67.07,99.75,69.36,56.46,69.12,75.16,100.0,80.97,66.61,39.0,46.33,87.21,55.26,44.53,43.86,50.59,98.99,62.74,50.81,69.06,75.04,96.86,58.12,46.93,72.22,77.4,99.77,63.91,51.79,79.62,83.86,100.0,79.32,65.16,80.59,84.97,100.0,80.91,66.55,80.77,84.61,100.0,76.99,63.12,82.02,85.83,100.0,78.77,64.68,83.11,86.97,100.0,80.29,66.01,58.72,64.05,85.73,45.96,36.84,64.88,71.51,100.0,81.76,67.3
1.795,39.78,17.15,13.24,76.62,62.8,67.41,73.52,99.97,63.27,51.25,70.11,75.48,99.99,68.53,55.73,64.31,71.12,99.21,55.81,44.99,28.86,11.03,6.75,60.37,48.81,44.13,25.44,91.6,78.68,64.6,57.86,63.66,99.96,72.91,59.56,61.8,68.0,99.99,78.04,64.04,64.66,71.74,100.0,81.46,67.03,65.91,71.43,99.99,76.7,62.87,74.35,79.02,99.98,68.23,55.47,75.99,80.34,99.99,72.04,58.79,65.96,72.47,99.84,59.96,48.48,68.78,74.5,99.99,65.96,53.51,68.33,74.24,100.0,79.82,65.6,70.21,76.69,100.0,82.35,67.82,77.35,81.53,99.99,74.99,61.38,78.51,82.68,100.0,77.35,63.44,62.16,68.89,96.28,51.24,41.19,71.4,76.47,99.99,70.85,57.76,66.91,72.84,100.0,79.04,64.92,64.58,70.07,99.99,75.14,61.5,68.85,75.47,100.0,81.83,67.35,61.17,66.75,99.98,72.17,58.91,64.09,69.6,99.99,75.93,62.2,66.69,72.38,100.0,78.75,64.66,48.1,54.35,99.95,67.83,55.12,52.13,58.1,99.99,72.2,58.94,55.81,61.74,99.99,75.48,61.8,59.14,65.16,100.0,78.03,64.03,62.1,68.39,100.0,80.06,65.81,73.3,78.33,99.94,64.95,52.66,75.63,80.15,99.99,68.81,55.97,77.58,81.76,99.99,72.12,58.87,79.25,83.21,99.99,74.77,61.18,77.79,82.23,99.98,66.5,53.95,80.04,84.05,99.99,69.71,56.76,81.86,85.54,99.99,72.34,59.06,83.35,86.8,99.99,74.52,60.97,74.96,79.99,99.9,63.27,51.25,70.47,76.17,99.35,60.29,48.75,57.82,63.81,99.56,66.89,54.29,62.64,68.15,99.98,72.34,59.06,61.38,67.0,99.73,69.26,56.36,69.01,75.04,100.0,80.94,66.57,38.89,46.23,86.63,55.1,44.39,43.74,50.48,98.91,62.63,50.71,68.95,74.96,96.66,57.97,46.8,72.14,77.34,99.75,63.8,51.7,79.56,83.79,100.0,79.27,65.12,80.53,84.9,100.0,80.88,66.52,80.69,84.54,100.0,76.93,63.07,81.94,85.76,100.0,78.73,64.64,83.04,86.89,100.0,80.25,65.97,58.55,63.79,85.16,45.79,36.7,64.74,71.34,100.0,81.73,67.27
1.671,39.7,17.09,12.92,76.56,62.74,67.35,73.47,99.96,63.17,51.16,70.03,75.43,99.99,68.43,55.64,64.24,71.05,99.16,55.66,44.86,28.75,10.96,6.57,60.25,48.71,44.03,25.31,91.15,78.64,64.56,57.77,63.57,99.96,72.84,59.49,61.73,67.91,99.99,78.0,64.0,64.59,71.64,100.0,81.43,67.0,65.83,71.34,99.99,76.65,62.82,74.28,78.97,99.98,68.13,55.38,75.93,80.29,99.99,71.96,58.72,65.9,72.41,99.83,59.84,48.37,68.71,74.45,99.99,65.87,53.44,68.26,74.15,100.0,79.78,65.56,70.14,76.6,100.0,82.35,67.82,77.29,81.48,99.99,74.93,61.32,78.46,82.62,100.0,77.3,63.39,62.07,68.78,96.08,51.11,41.08,71.32,76.41,99.99,70.76,57.68,66.85,72.76,100.0,79.0,64.88,64.51,70.0,99.99,75.07,61.45,68.79,75.38,100.0,81.8,67.33,61.08,66.67,99.98,72.09,58.84,64.0,69.5,99.99,75.87,62.14,66.6,72.28,100.0,78.7,64.62,47.98,54.24,99.94,67.73,55.03,52.0,57.97,99.99,72.13,58.87,55.68,61.61,99.99,75.42,61.75,59.0,65.02,100.0,77.98,63.98,61.96,68.24,100.0,80.03,65.77,73.22,78.26,99.94,64.86,52.58,75.54,80.08,99.99,68.71,55.89,77.5,81.7,99.99,72.04,58.8,79.17,83.15,99.99,74.7,61.12,77.68,82.14,99.98,66.39,53.86,79.94,83.97,99.99,69.62,56.68,81.77,85.47,99.99,72.26,58.99,83.27,86.73,99.99,74.46,60.91,74.83,79.89,99.89,63.17,51.16,70.38,76.11,99.3,60.17,48.65,57.73,63.74,99.52,66.78,54.2,62.55,68.07,99.97,72.26,58.99,61.31,66.94,99.7,69.16,56.28,68.92,74.93,100.0,80.91,66.54,38.79,46.14,86.09,54.95,44.26,43.63,50.38,98.83,62.53,50.63,68.85,74.88,96.46,57.84,46.69,72.07,77.28,99.73,63.71,51.62,79.51,83.74,100.0,79.23,65.08,80.48,84.84,100.0,80.85,66.49,80.62,84.47,100.0,76.87,63.02,81.87,85.69,100.0,78.68,64.6,82.98,86.82,100.0,80.21,65.94,58.4,63.54,84.63,45.62,36.56,64.6,71.19,100.0,81.7,67.24
1.555,39.62,17.04,12.62,76.51,62.7,67.28,73.43,99.96,63.07,51.08,69.96,75.38,99.99,68.34,55.56,64.17,71.0,99.11,55.52,44.74,28.65,10.89,6.41,60.14,48.62,43.94,25.19,90.72,78.6,64.52,57.68,63.48,99.95,72.77,59.43,61.65,67.82,99.99,77.95,63.96,64.52,71.54,100.0,81.4,66.98,65.75,71.26,99.99,76.6,62.78,74.22,78.92,99.98,68.04,55.29,75.88,80.25,99.99,71.89,58.66,65.83,72.37,99.82,59.73,48.28,68.64,74.4,99.99,65.8,53.37,68.19,74.07,100.0,79.75,65.53,70.08,76.52,100.0,82.36,67.82,77.24,81.43,99.99,74.87,61.26,78.41,82.57,100.0,77.25,63.35,61.99,68.68,95.9,50.99,40.98,71.25,76.35,99.99,70.69,57.61,66.79,72.68,100.0,78.96,64.84,64.46,69.93,99.99,75.02,61.39,68.73,75.3,100.0,81.78,67.3,60.99,66.59,99.98,72.02,58.77,63.91,69.41,99.99,75.82,62.09,66.51,72.18,100.0,78.66,64.58,47.86,54.14,99.94,67.64,54.94,51.88,57.85,99.99,72.06,58.8,55.55,61.48,99.99,75.36,61.7,58.87,64.88,100.0,77.94,63.95,61.84,68.1,100.0,79.99,65.74,73.13,78.2,99.93,64.77,52.51,75.47,80.02,99.99,68.63,55.81,77.43,81.64,99.99,71.97,58.73,79.1,83.08,99.99,74.64,61.07,77.57,82.06,99.98,66.29,53.77,79.85,83.89,99.99,69.54,56.6,81.69,85.4,99.99,72.19,58.92,83.19,86.67,99.99,74.4,60.85,74.72,79.79,99.89,63.07,51.08,70.3,76.04,99.25,60.06,48.56,57.65,63.67,99.49,66.68,54.11,62.47,67.98,99.97,72.19,58.92,61.24,66.88,99.67,69.08,56.2,68.83,74.83,100.0,80.88,66.51,38.69,46.06,85.57,54.81,44.14,43.53,50.29,98.75,62.43,50.54,68.76,74.81,96.27,57.71,46.59,72.0,77.23,99.71,63.62,51.54,79.46,83.68,100.0,79.2,65.05,80.42,84.78,100.0,80.82,66.46,80.55,84.41,100.0,76.83,62.97,81.81,85.63,100.0,78.64,64.56,82.91,86.76,100.0,80.18,65.91,58.25,63.31,84.11,45.47,36.43,64.48,71.06,100.0,81.68,67.22
1.447,39.54,16.99,12.35,76.46,62.66,67.23,73.38,99.96,62.99,51.01,69.9,75.33,99.99,68.26,55.48,64.11,70.94,99.06,55.39,44.63,28.55,10.83,6.27,60.04,48.54,43.85,25.08,90.3,78.56,64.49,57.6,63.4,99.95,72.71,59.37,61.59,67.74,99.99,77.91,63.92,64.45,71.45,100.0,81.38,66.95,65.68,71.18,99.99,76.55,62.73,74.16,78.88,99.98,67.95,55.22,75.83,80.2,99.99,71.82,58.6,65.77,72.32,99.81,59.62,48.19,68.58,74.36,99.99,65.72,53.31,68.13,73.99,100.0,79.72,65.5,70.02,76.44,100.0,82.37,67.83,77.19,81.39,99.99,74.82,61.22,78.36,82.53,100.0,77.21,63.31,61.91,68.59,95.71,50.87,40.89,71.18,76.3,99.99,70.61,57.54,66.74,72.62,100.0,78.93,64.81,64.4,69.87,99.99,74.96,61.34,68.68,75.22,100.0,81.76,67.28,60.91,66.52,99.98,71.95,58.71,63.83,69.32,99.99,75.77,62.05,66.42,72.09,100.0,78.63,64.55,47.76,54.04,99.93,67.55,54.87,51.76,57.74,99.99,71.99,58.75,55.43,61.36,99.99,75.31,61.65,58.75,64.76,100.0,77.9,63.91,61.72,67.97,100.0,79.97,65.72,73.06,78.14,99.93,64.7,52.44,75.39,79.96,99.99,68.54,55.73,77.36,81.58,99.99,71.91,58.67,79.04,83.03,99.99,74.59,61.02,77.48,81.98,99.98,66.2,53.68,79.76,83.82,99.99,69.46,56.53,81.61,85.33,99.99,72.12,58.86,83.12,86.61,99.99,74.34,60.8,74.61,79.71,99.88,62.99,51.01,70.22,75.98,99.21,59.96,48.47,57.57,63.61,99.45,66.59,54.03,62.39,67.91,99.97,72.12,58.86,61.17,66.82,99.65,69.0,56.13,68.74,74.73,100.0,80.85,66.49,38.6,45.98,85.08,54.68,44.03,43.43,50.21,98.68,62.34,50.47,68.67,74.75,96.08,57.6,46.49,71.93,77.18,99.69,63.53,51.47,79.41,83.63,100.0,79.16,65.02,80.38,84.72,100.0,80.79,66.44,80.49,84.35,100.0,76.78,62.93,81.75,85.57,100.0,78.61,64.53,82.86,86.7,100.0,80.15,65.88,58.12,63.09,83.62,45.32,36.31,64.36,70.93,100.0,81.66,67.2
1.347,39.47,16.94,12.1,76.42,62.62,67.17,73.34,99.96,62.91,50.94,69.83,75.28,99.99,68.18,55.41,64.05,70.89,99.01,55.27,44.53,28.47,10.77,6.13,59.95,48.46,43.77,24.97,89.91,78.53,64.46,57.53,63.32,99.94,72.65,59.32,61.52,67.66,99.99,77.88,63.89,64.39,71.37,100.0,81.36,66.93,65.62,71.11,99.99,76.51,62.7,74.11,78.83,99.98,67.87,55.15,75.78,80.16,99.99,71.76,58.54,65.72,72.28,99.79,59.52,48.1,68.52,74.31,99.99,65.66,53.25,68.07,73.92,100.0,79.69,65.47,69.96,76.37,100.0,82.07,67.56,77.14,81.35,99.99,74.77,61.17,78.32,82.48,100.0,77.17,63.27,61.84,68.5,95.54,50.77,40.8,71.11,76.25,99.99,70.55,57.48,66.69,72.55,100.0,78.9,64.78,64.34,69.82,99.99,74.92,61.3,68.62,75.15,100.0,81.74,67.26,60.84,66.45,99.98,71.89,58.66,63.75,69.25,99.99,75.73,62.01,66.35,72.01,99.99,78.6,64.52,47.66,53.96,99.93,67.47,54.79,51.66,57.64,99.99,71.93,58.69,55.32,61.25,99.99,75.27,61.61,58.64,64.64,100.0,77.86,63.88,61.6,67.85,100.0,79.94,65.69,72.99,78.08,99.92,64.62,52.38,75.33,79.91,99.99,68.47,55.66,77.29,81.52,99.99,71.84,58.62,78.97,82.97,99.99,74.54,60.97,77.38,81.91,99.97,66.11,53.6,79.68,83.75,99.99,69.39,56.47,81.54,85.27,99.99,72.06,58.81,83.06,86.55,99.99,74.29,60.75,74.51,79.63,99.87,62.91,50.94,70.15,75.93,99.16,59.86,48.39,57.5,63.55,99.42,66.51,53.95,62.31,67.83,99.97,72.06,58.81,61.11,66.77,99.62,68.92,56.06,68.66,74.64,100.0,80.83,66.47,38.52,45.9,84.6,54.55,43.93,43.34,50.13,98.6,62.26,50.4,68.59,74.68,95.89,57.49,46.39,71.87,77.14,99.67,63.46,51.4,79.37,83.59,100.0,79.13,64.99,80.33,84.67,100.0,80.77,66.42,80.43,84.3,100.0,76.74,62.9,81.69,85.51,100.0,78.58,64.5,82.8,86.64,100.0,80.13,65.85,57.99,62.89,83.15,45.19,36.2,64.25,70.8,100.0,81.64,67.18
1.254,39.41,16.9,11.87,76.39,62.58,67.12,73.31,99.95,62.83,50.88,69.78,75.24,99.99,68.11,55.35,64.0,70.84,98.97,55.16,44.44,28.39,10.72,6.01,59.86,48.38,43.69,24.88,89.53,78.5,64.43,57.46,63.25,99.94,72.6,59.27,61.46,67.58,99.99,77.85,63.86,64.34,71.29,100.0,81.34,66.92,65.55,71.04,99.99,76.48,62.66,74.06,78.8,99.97,67.8,55.08,75.74,80.13,99.99,71.7,58.49,65.67,72.25,99.78,59.43,48.02,68.47,74.28,99.99,65.6,53.2,68.01,73.85,100.0,79.67,65.45,69.91,76.3,100.0,82.06,67.54,77.1,81.31,99.99,74.72,61.13,78.28,82.44,100.0,77.14,63.24,61.77,68.42,95.37,50.67,40.72,71.05,76.2,99.99,70.48,57.42,66.65,72.49,100.0,78.87,64.76,64.29,69.76,99.99,74.87,61.26,68.58,75.09,100.0,81.72,67.25,60.77,66.39,99.97,71.84,58.61,63.68,69.18,99.99,75.69,61.97,66.27,71.93,99.99,78.57,64.49,47.57,53.87,99.92,67.4,54.73,51.56,57.54,99.99,71.87,58.64,55.22,61.15,99.99,75.23,61.57,58.53,64.54,100.0,77.83,63.85,61.5,67.74,100.0,79.92,65.67,72.92,78.03,99.92,64.56,52.33,75.26,79.86,99.99,68.4,55.6,77.23,81.47,99.99,71.79,58.56,78.92,82.92,99.99,74.49,60.93,77.3,81.84,99.97,66.2,53.7,79.61,83.69,99.99,69.32,56.41,81.47,85.22,99.99,72.01,58.76,83.0,86.5,99.99,74.24,60.71,74.41,79.55,99.87,62.83,50.88,70.08,75.88,99.11,59.77,48.31,57.43,63.49,99.38,66.43,53.88,62.23,67.76,99.96,72.01,58.76,61.05,66.72,99.59,68.85,56.0,68.59,74.56,100.0,80.81,66.45,38.44,45.83,84.15,54.44,43.83,43.26,50.06,98.53,62.18,50.33,68.52,74.63,95.71,57.39,46.31,71.82,77.1,99.65,63.38,51.34,79.33,83.54,100.0,79.11,64.96,80.29,84.63,100.0,80.75,66.4,80.37,84.24,100.0,76.71,62.86,81.64,85.46,100.0,78.55,64.47,82.75,86.59,100.0,80.1,65.83,57.87,62.7,82.7,45.06,36.1,64.15,70.69,100.0,81.62,67.16
1.167,39.35,16.86,11.66,76.35,62.55,67.07,73.27,99.95,62.76,50.82,69.72,75.2,99.99,68.04,55.29,63.95,70.8,98.92,55.05,44.35,28.31,10.67,5.9,59.78,48.31,43.62,24.79,89.16,78.48,64.41,57.39,63.19,99.93,72.55,59.23,61.4,67.51,99.99,77.82,63.83,64.29,71.22,100.0,81.33,66.9,65.5,70.98,99.99,76.44,62.63,74.02,78.76,99.97,67.73,55.02,75.69,80.09,99.99,71.65,58.44,65.62,72.21,99.77,59.35,47.95,68.42,74.24,99.99,65.54,53.15,67.96,73.79,100.0,79.65,65.43,69.86,76.24,100.0,82.05,67.53,77.06,81.28,99.99,74.68,61.09,78.24,82.4,100.0,77.1,63.21,61.7,68.32,95.21,50.58,40.64,71.0,76.16,99.99,70.43,57.37,66.6,72.44,100.0,78.85,64.73,64.24,69.71,99.99,74.83,61.22,68.53,75.02,100.0,81.71,67.23,60.71,66.33,99.97,71.78,58.56,63.62,69.11,99.99,75.65,61.94,66.21,71.85,99.99,78.54,64.47,47.48,53.79,99.92,67.33,54.67,51.46,57.46,99.99,71.82,58.59,55.12,61.06,99.99,75.19,61.53,58.43,64.44,100.0,77.8,63.82,61.4,67.63,100.0,79.9,65.65,72.86,77.98,99.92,64.5,52.28,75.2,79.81,99.99,68.33,55.54,77.18,81.42,99.99,71.74,58.52,78.86,82.87,99.99,74.45,60.89,77.22,81.77,99.97,66.14,53.66,79.54,83.63,99.99,69.26,56.35,81.41,85.16,99.99,71.96,58.71,82.94,86.45,99.99,74.2,60.67,74.32,79.48,99.86,62.76,50.82,70.01,75.82,99.07,59.69,48.24,57.37,63.44,99.35,66.36,53.82,62.16,67.7,99.96,71.96,58.71,61.0,66.68,99.57,68.79,55.94,68.52,74.48,100.0,80.79,66.43,38.37,45.77,83.73,54.33,43.74,43.18,49.99,98.46,62.11,50.27,68.45,74.57,95.54,57.29,46.23,71.76,77.06,99.63,63.32,51.28,79.29,83.5,100.0,79.08,64.94,80.25,84.58,100.0,80.73,66.38,80.32,84.2,100.0,76.67,62.83,81.59,85.41,100.0,78.52,64.45,82.7,86.54,100.0,80.08,65.81,57.76,62.52,82.28,44.94,36.0,64.05,70.58,100.0,81.61,67.15
1.086,39.29,16.82,11.46,76.34,62.54,67.03,73.24,99.95,62.71,50.78,69.67,75.16,99.99,68.0,55.25,63.9,70.75,98.88,54.96,44.27,28.24,10.62,5.79,59.71,48.26,43.56,24.7,88.82,78.47,64.4,57.33,63.13,99.92,72.52,59.2,61.34,67.45,99.99,77.81,63.83,64.24,71.15,100.0,81.33,66.9,65.44,70.92,99.99,76.43,62.62,73.97,78.73,99.97,67.69,54.98,75.66,80.06,99.99,71.62,58.41,65.58,72.18,99.76,59.28,47.9,68.37,74.21,99.99,65.5,53.12,67.91,73.73,100.0,79.64,65.43,69.81,76.18,100.0,82.05,67.53,77.02,81.24,99.99,74.66,61.07,78.2,82.37,100.0,77.09,63.2,61.63,68.23,95.05,50.5,40.58,70.94,76.12,99.99,70.39,57.34,66.56,72.38,100.0,78.84,64.73,64.2,69.67,99.99,74.81,61.2,68.49,74.97,100.0,81.72,67.24,60.65,66.28,99.97,71.75,58.53,63.55,69.05,99.99,75.63,61.92,66.14,71.79,99.99,78.54,64.46,47.4,53.72,99.91,67.28,54.62,51.38,57.38,99.99,71.79,58.57,55.03,60.97,99.99,75.17,61.52,58.34,64.34,100.0,77.8,63.81,61.31,67.53,100.0,79.9,65.65,72.8,77.94,99.91,64.46,52.24,75.15,79.77,99.99,68.29,55.5,77.12,81.38,99.99,71.71,58.49,78.81,82.83,99.99,74.43,60.87,77.14,81.72,99.97,66.11,53.63,79.47,83.58,99.99,69.22,56.32,81.35,85.11,99.99,71.93,58.68,82.89,86.4,99.99,74.18,60.65,74.24,79.42,99.85,62.71,50.78,69.95,75.78,99.03,59.63,48.19,57.31,63.39,99.32,66.31,53.77,62.1,67.64,99.96,71.93,58.68,60.95,66.63,99.54,68.75,55.9,68.46,74.41,100.0,80.8,66.43,38.3,45.71,83.32,54.24,43.66,43.11,49.93,98.4,62.06,50.23,68.38,74.52,95.37,57.22,46.16,71.71,77.02,99.61,63.27,51.24,79.25,83.46,100.0,79.08,64.94,80.22,84.54,100.0,80.73,66.38,80.27,84.15,100.0,76.66,62.82,81.54,85.37,100.0,78.52,64.44,82.66,86.5,100.0,80.08,65.81,57.66,62.35,81.88,44.84,35.91,63.96,70.48,100.0,81.62,67.15
1.011,39.24,16.78,11.29,76.29,62.49,66.99,73.21,99.95,62.63,50.71,69.63,75.12,99.99,67.92,55.18,63.86,70.72,98.84,54.86,44.18,28.18,10.58,5.7,59.63,48.19,43.5,24.63,88.49,78.43,64.36,57.27,63.07,99.92,72.46,59.14,61.29,67.39,99.99,77.77,63.78,64.19,71.09,100.0,81.3,66.87,65.39,70.87,99.99,76.38,62.57,73.93,78.7,99.97,67.61,54.91,75.62,80.03,99.99,71.55,58.35,65.54,72.15,99.75,59.19,47.82,68.33,74.17,99.99,65.44,53.06,67.86,73.68,100.0,79.6,65.39,69.77,76.12,100.0,82.02,67.5,76.99,81.21,99.99,74.61,61.02,78.17,82.33,100.0,77.05,63.15,61.57,68.15,94.9,50.41,40.5,70.89,76.08,99.99,70.32,57.28,66.53,72.33,100.0,78.8,64.69,64.16,69.62,99.99,74.76,61.15,68.45,74.91,100.0,81.68,67.21,60.59,66.23,99.97,71.69,58.47,63.5,69.0,99.99,75.58,61.87,66.08,71.72,99.99,78.49,64.42,47.33,53.65,99.91,67.21,54.55,51.3,57.3,99.99,71.73,58.51,54.94,60.88,99.99,75.12,61.47,58.25,64.25,100.0,77.75,63.77,61.23,67.44,100.0,79.86,65.61,72.75,77.9,99.91,64.38,52.18,75.1,79.73,99.99,68.21,55.43,77.07,81.34,99.99,71.64,58.43,78.76,82.79,99.99,74.38,60.82,77.07,81.66,99.97,66.05,53.57,79.41,83.53,99.99,69.15,56.25,81.29,85.07,99.99,71.86,58.62,82.83,86.36,99.99,74.12,60.6,74.16,79.36,99.85,62.64,50.71,69.89,75.73,98.98,59.54,48.11,57.25,63.34,99.28,66.38,53.85,62.04,67.58,99.96,71.86,58.62,60.9,66.59,99.51,68.67,55.84,68.4,74.34,100.0,80.76,66.4,38.24,45.65,82.94,54.13,43.57,43.04,49.87,98.33,61.98,50.16,68.32,74.48,95.21,57.12,46.08,71.66,76.98,99.59,63.19,51.18,79.22,83.43,100.0,79.04,64.9,80.18,84.5,100.0,80.7,66.35,80.23,84.11,100.0,76.61,62.77,81.5,85.33,100.0,78.47,64.4,82.62,86.45,100.0,80.05,65.78,57.56,62.2,81.5,44.73,35.82,63.88,70.39,100.0,81.58,67.12
0.941,39.19,16.75,11.12,76.24,62.45,66.95,73.19,99.94,62.56,50.65,69.58,75.09,99.99,67.85,55.11,63.82,70.68,98.8,54.76,44.1,28.11,10.54,5.61,59.55,48.12,43.44,24.55,88.17,78.39,64.32,57.22,63.02,99.91,72.4,59.09,61.24,67.33,99.99,77.72,63.74,64.15,71.03,100.0,81.27,66.84,65.35,70.82,99.99,76.33,62.53,73.89,78.67,99.97,67.54,54.84,75.59,80.0,99.99,71.49,58.3,65.5,72.12,99.74,59.11,47.75,68.29,74.14,99.99,65.37,53.01,67.82,73.63,100.0,79.57,65.35,69.73,76.07,100.0,81.99,67.47,76.96,81.18,99.99,74.55,60.97,78.14,82.3,100.0,77.0,63.11,61.51,68.07,94.76,50.32,40.43,70.85,76.05,99.99,70.26,57.22,66.49,72.29,100.0,78.76,64.65,64.12,69.58,99.99,74.71,61.11,68.42,74.86,100.0,81.65,67.18,60.54,66.18,99.97,71.63,58.42,63.44,68.94,99.99,75.53,61.83,66.03,71.66,99.99,78.45,64.38,47.26,53.59,99.9,67.13,54.49,51.22,57.24,99.99,71.67,58.45,54.87,60.81,99.99,75.07,61.42,58.17,64.17,100.0,77.71,63.73,61.15,67.35,100.0,79.82,65.58,72.7,77.86,99.9,64.32,52.12,75.05,79.69,99.99,68.14,55.37,77.03,81.3,99.99,71.58,58.37,78.72,82.75,99.99,74.32,60.77,77.01,81.61,99.97,65.98,53.52,79.35,83.48,99.99,69.08,56.19,81.24,85.02,99.99,71.8,58.57,82.79,86.32,99.99,74.07,60.55,74.09,79.3,99.84,62.56,50.65,69.84,75.69,98.94,59.45,48.04,57.2,63.3,99.25,66.32,53.8,61.98,67.53,99.95,71.8,58.57,60.86,66.56,99.49,68.6,55.77,68.34,74.27,100.0,80.73,66.37,38.18,45.6,82.58,54.03,43.49,42.98,49.81,98.27,61.91,50.1,68.27,74.43,95.06,57.03,46.0,71.61,76.94,99.57,63.12,51.12,79.19,83.39,100.0,79.0,64.86,80.15,84.46,100.0,80.66,66.31,80.18,84.07,100.0,76.57,62.73,81.46,85.29,100.0,78.43,64.36,82.58,86.41,100.0,80.01,65.74,57.47,62.05,81.14,44.62,35.73,63.8,70.3,100.0,81.55,67.09
0.876,39.14,16.72,10.97,76.2,62.41,66.91,73.16,99.94,62.49,50.59,69.54,75.06,99.99,67.78,55.05,63.78,70.64,98.76,54.67,44.02,28.06,10.5,5.53,59.47,48.05,43.39,24.49,87.88,78.35,64.29,57.17,62.97,99.91,72.35,59.04,61.2,67.28,99.99,77.68,63.71,64.11,70.98,100.0,81.24,66.81,65.3,70.77,99.99,76.29,62.49,73.86,78.64,99.97,67.47,54.78,75.55,79.98,99.99,71.43,58.24,65.46,72.09,99.73,59.03,47.68,68.25,74.12,99.98,65.31,52.96,67.78,73.58,100.0,79.53,65.32,69.7,76.02,100.0,81.96,67.45,76.93,81.16,99.99,74.51,60.93,78.11,82.27,100.0,76.96,63.07,61.45,68.0,94.62,50.24,40.36,70.81,76.01,99.99,70.2,57.16,66.46,72.25,100.0,78.72,64.62,64.08,69.55,99.99,74.66,61.06,68.39,74.82,100.0,81.62,67.15,60.49,66.14,99.97,71.57,58.37,63.39,68.9,99.99,75.49,61.79,65.98,71.61,99.99,78.42,64.35,47.19,53.53,99.9,67.06,54.43,51.15,57.17,99.99,71.61,58.4,54.79,60.73,99.99,75.02,61.38,58.1,64.1,100.0,77.67,63.69,61.07,67.27,100.0,79.79,65.55,72.65,77.82,99.9,64.26,52.07,75.0,79.65,99.99,68.08,55.31,76.98,81.26,99.99,71.52,58.32,78.68,82.71,99.99,74.28,60.73,76.95,81.56,99.97,65.93,53.47,79.29,83.44,99.99,69.02,56.13,81.19,84.98,99.99,71.75,58.52,82.74,86.28,99.99,74.02,60.51,74.02,79.24,99.84,62.5,50.59,69.79,75.65,98.9,59.38,47.97,57.15,63.26,99.22,66.26,53.75,61.93,67.48,99.95,71.75,58.52,60.82,66.52,99.46,68.54,55.71,68.29,74.21,100.0,80.7,66.34,38.13,45.55,82.23,53.94,43.41,42.92,49.76,98.21,61.84,50.04,68.21,74.39,94.92,56.94,45.93,71.56,76.91,99.55,63.06,51.06,79.16,83.36,100.0,78.96,64.83,80.12,84.43,100.0,80.63,66.28,80.14,84.03,99.99,76.52,62.69,81.42,85.25,100.0,78.39,64.33,82.55,86.38,100.0,79.98,65.71,57.39,61.91,80.8,44.52,35.65,63.73,70.22,100.0,81.52,67.06
0.815,39.1,16.69,10.83,76.16,62.37,66.88,73.14,99.94,62.43,50.54,69.5,75.03,99.99,67.72,55.0,63.75,70.61,98.72,54.58,43.95,28.01,10.46,5.46,59.4,47.99,43.34,24.42,87.6,78.32,64.26,57.12,62.92,99.9,72.3,59.0,61.15,67.23,99.99,77.65,63.67,64.07,70.93,100.0,81.21,66.79,65.26,70.72,99.99,76.25,62.45,73.83,78.61,99.97,67.41,54.72,75.53,79.95,99.99,71.38,58.2,65.43,72.07,99.72,58.95,47.62,68.21,74.09,99.98,65.26,52.91,67.74,73.53,100.0,79.5,65.29,69.66,75.98,100.0,81.94,67.42,76.9,81.13,99.99,74.46,60.89,78.08,82.25,100.0,76.92,63.04,61.4,67.93,94.49,50.17,40.3,70.77,75.98,99.99,70.14,57.11,66.43,72.21,100.0,78.69,64.58,64.05,69.51,99.99,74.61,61.02,68.36,74.77,100.0,81.6,67.12,60.45,66.1,99.96,71.52,58.32,63.35,68.85,99.99,75.45,61.75,65.93,71.55,99.99,78.38,64.32,47.13,53.48,99.89,67.0,54.37,51.08,57.11,99.99,71.56,58.36,54.72,60.67,99.99,74.98,61.34,58.03,64.02,100.0,77.63,63.66,61.0,67.2,100.0,79.76,65.52,72.61,77.79,99.89,64.2,52.02,74.96,79.62,99.99,68.02,55.25,76.94,81.23,99.99,71.47,58.28,78.64,82.68,99.99,74.23,60.69,76.89,81.51,99.97,65.88,53.43,79.24,83.4,99.99,68.96,56.08,81.14,84.95,99.99,71.7,58.47,82.7,86.25,99.99,73.98,60.46,73.95,79.19,99.83,62.44,50.54,69.74,75.62,98.87,59.31,47.91,57.11,63.22,99.19,66.21,53.71,61.88,67.44,99.95,71.7,58.47,60.78,66.49,99.44,68.48,55.66,68.24,74.16,100.0,80.67,66.31,38.08,45.5,81.91,53.85,43.33,42.86,49.71,98.15,61.77,49.98,68.17,74.36,94.78,56.87,45.86,71.52,76.88,99.54,63.0,51.01,79.13,83.33,100.0,78.93,64.79,80.09,84.4,100.0,80.6,66.26,80.11,84.0,99.99,76.48,62.66,81.39,85.22,100.0,78.36,64.3,82.51,86.34,100.0,79.95,65.68,57.31,61.79,80.49,44.43,35.58,63.66,70.15,100.0,81.5,67.04
0.758,39.06,16.67,10.7,76.12,62.34,66.85,73.12,99.94,62.37,50.48,69.47,75.01,99.99,67.67,54.95,63.71,70.58,98.68,54.5,43.88,27.96,10.43,5.39,59.34,47.94,43.29,24.36,87.33,78.28,64.23,57.08,62.88,99.9,72.25,58.95,61.11,67.19,99.99,77.61,63.64,64.04,70.88,100.0,81.18,66.76,65.22,70.68,99.99,76.21,62.42,73.8,78.59,99.96,67.35,54.67,75.5,79.93,99.99,71.33,58.15,65.4,72.04,99.71,58.89,47.56,68.18,74.07,99.98,65.21,52.87,67.71,73.49,100.0,79.47,65.27,69.63,75.93,100.0,81.91,67.4,76.87,81.11,99.99,74.42,60.85,78.06,82.22,100.0,76.89,63.01,61.35,67.86,94.37,50.1,40.24,70.73,75.95,99.99,70.09,57.07,66.4,72.17,100.0,78.66,64.55,64.02,69.48,99.99,74.57,60.98,68.33,74.73,100.0,81.57,67.1,60.41,66.06,99.96,71.47,58.28,63.3,68.81,99.99,75.41,61.71,65.88,71.51,99.99,78.35,64.29,47.08,53.43,99.89,66.94,54.32,51.02,57.05,99.99,71.52,58.31,54.66,60.6,99.99,74.94,61.3,57.96,63.96,100.0,77.6,63.63,60.94,67.13,100.0,79.73,65.49,72.56,77.76,99.89,64.15,51.97,74.92,79.59,99.99,67.96,55.2,76.91,81.2,99.99,71.42,58.23,78.61,82.65,99.99,74.19,60.65,76.84,81.47,99.97,65.83,53.38,79.2,83.36,99.99,68.9,56.03,81.1,84.91,99.99,71.65,58.43,82.67,86.22,99.99,73.93,60.42,73.9,79.15,99.82,62.38,50.49,69.7,75.59,98.83,59.24,47.86,57.07,63.18,99.17,66.16,53.66,61.84,67.39,99.95,71.65,58.43,60.75,66.46,99.42,68.42,55.61,68.2,74.11,100.0,80.64,66.29,38.03,45.46,81.6,53.77,43.27,42.81,49.67,98.09,61.71,49.93,68.12,74.32,94.64,56.79,45.8,71.48,76.85,99.52,62.94,50.96,79.11,83.31,100.0,78.9,64.77,80.07,84.37,100.0,80.58,66.23,80.07,83.97,99.99,76.45,62.62,81.35,85.18,100.0,78.33,64.27,82.48,86.31,100.0,79.92,65.66,57.23,61.67,80.19,44.35,35.51,63.6,70.07,100.0,81.47,67.01
0.706,39.03,16.64,10.59,76.09,62.3,66.82,73.09,99.94,62.32,50.44,69.44,74.98,99.99,67.61,54.9,63.68,70.56,98.65,54.43,43.81,27.91,10.4,5.33,59.28,47.88,43.25,24.31,87.08,78.26,64.2,57.04,62.84,99.89,72.21,58.92,61.08,67.14,99.99,77.58,63.61,64.01,70.83,100.0,81.16,66.74,65.19,70.65,99.99,76.18,62.39,73.77,78.57,99.96,67.3,54.62,75.47,79.91,99.99,71.29,58.11,65.37,72.02,99.71,58.82,47.51,68.15,74.04,99.98,65.16,52.83,67.67,73.45,100.0,79.45,65.24,69.6,75.9,100.0,81.89,67.38,76.85,81.09,99.99,74.38,60.82,78.03,82.2,99.99,76.85,62.98,61.31,67.81,94.25,50.03,40.19,70.69,75.93,99.99,70.04,57.02,66.37,72.14,100.0,78.63,64.53,63.99,69.45,99.99,74.54,60.95,68.3,74.7,100.0,81.55,67.08,60.37,66.02,99.96,71.43,58.23,63.26,68.77,99.99,75.37,61.68,65.84,71.46,99.99,78.32,64.26,47.02,53.38,99.88,66.89,54.27,50.97,57.0,99.99,71.47,58.27,54.6,60.54,99.99,74.9,61.27,57.9,63.89,100.0,77.57,63.6,60.88,67.06,100.0,79.7,65.47,72.53,77.73,99.88,64.1,51.93,74.88,79.56,99.99,67.91,55.16,76.87,81.17,99.99,71.38,58.19,78.57,82.62,99.99,74.15,60.61,76.79,81.43,99.96,65.78,53.35,79.15,83.32,99.99,68.85,55.98,81.06,84.88,99.99,71.61,58.39,82.63,86.19,99.99,73.89,60.39,73.84,79.1,99.82,62.32,50.44,69.66,75.55,98.8,59.18,47.8,57.03,63.15,99.14,66.12,53.63,61.79,67.35,99.94,71.6,58.39,60.71,66.43,99.4,68.37,55.56,68.15,74.06,100.0,80.62,66.26,37.99,45.42,81.32,53.7,43.2,42.77,49.63,98.04,61.66,49.88,68.08,74.29,94.52,56.72,45.74,71.45,76.83,99.51,62.89,50.92,79.08,83.28,100.0,78.87,64.74,80.04,84.34,100.0,80.55,66.21,80.04,83.94,99.99,76.42,62.59,81.32,85.15,100.0,78.3,64.24,82.45,86.28,100.0,79.89,65.63,57.17,61.56,79.9,44.27,35.44,63.54,70.01,100.0,81.45,66.99
0.657,38.99,16.62,10.48,76.06,62.27,66.79,73.08,99.93,62.27,50.4,69.41,74.96,99.99,67.56,54.85,63.65,70.53,98.62,54.36,43.76,27.87,10.37,5.27,59.22,47.84,43.21,24.26,86.85,78.23,64.17,57.0,62.8,99.89,72.17,58.88,61.04,67.1,99.99,77.56,63.59,63.98,70.79,100.0,81.14,66.72,65.15,70.61,99.99,76.15,62.36,73.74,78.55,99.96,67.25,54.58,75.45,79.89,99.99,71.25,58.07,65.34,72.0,99.7,58.77,47.45,68.12,74.02,99.98,65.12,52.79,67.64,73.42,100.0,79.42,65.22,69.57,75.86,100.0,81.87,67.36,76.83,81.07,99.99,74.35,60.78,78.01,82.18,99.99,76.83,62.95,61.26,67.75,94.14,49.97,40.14,70.66,75.9,99.99,70.0,56.98,66.35,72.1,100.0,78.61,64.5,63.96,69.42,99.99,74.5,60.92,68.27,74.66,100.0,81.53,67.06,60.33,65.99,99.96,71.39,58.2,63.22,68.73,99.99,75.34,61.65,65.8,71.42,99.99,78.3,64.23,46.97,53.34,99.88,66.84,54.22,50.91,56.95,99.99,71.43,58.23,54.55,60.49,99.99,74.87,61.24,57.85,63.84,100.0,77.54,63.57,60.82,67.0,100.0,79.68,65.44,72.49,77.7,99.88,64.05,51.89,74.85,79.53,99.99,67.86,55.11,76.84,81.14,99.99,71.34,58.15,78.54,82.59,99.99,74.12,60.58,76.74,81.39,99.96,65.74,53.31,79.11,83.29,99.99,68.81,55.94,81.03,84.85,99.99,71.56,58.35,82.6,86.16,99.99,73.86,60.36,73.79,79.06,99.81,62.27,50.4,69.62,75.53,98.76,59.12,47.75,56.99,63.12,99.11,66.08,53.59,61.75,67.32,99.94,71.56,58.35,60.68,66.41,99.37,68.33,55.52,68.11,74.01,100.0,80.6,66.24,37.95,45.39,81.05,53.63,43.14,42.72,49.59,97.99,61.61,49.84,68.04,74.26,94.4,56.66,45.69,71.41,76.8,99.49,62.84,50.87,79.06,83.26,100.0,78.85,64.72,80.02,84.32,100.0,80.53,66.19,80.01,83.91,99.99,76.38,62.56,81.3,85.13,100.0,78.27,64.21,82.43,86.25,100.0,79.87,65.61,57.1,61.45,79.64,44.19,35.38,63.48,69.95,100.0,81.43,66.97
